customer_id,true_archetype,base_ite,ltv_rs
C00000,hunter,0.3278,7288.26
C00001,accidental_saver,0.1225,13346.54
C00002,hunter,0.5618,16979.99
C00003,accidental_saver,0.1632,31262.23
C00004,sure_thing,0.0137,39542.96
C00005,hunter,0.4191,6355.97
C00006,hunter,0.3,17425.91
C00007,hunter,0.3784,16143.06
C00008,sure_thing,0.0509,21300.21
C00009,accidental_saver,0.0788,9025.69
C00010,sure_thing,0.0287,13134.53
C00011,hunter,0.4567,39659.96
C00012,accidental_saver,0.1835,32836.75
C00013,hunter,0.4895,34703.83
C00014,accidental_saver,0.1716,36068.5
C00015,sure_thing,0.1056,12498.71
C00016,accidental_saver,0.2019,37395.16
C00017,sure_thing,0.0391,37670.9
C00018,hunter,0.3731,37127.23
C00019,accidental_saver,0.1045,29095.08
C00020,hunter,0.3298,14845.96
C00021,sure_thing,0.0405,17361.69
C00022,hunter,0.3789,28837.78
C00023,hunter,0.4112,25660.26
C00024,hunter,0.6167,15543.87
C00025,sure_thing,0.0252,14382.25
C00026,accidental_saver,0.0419,19137.05
C00027,sure_thing,0.0394,9457.87
C00028,sure_thing,0.0641,10330.36
C00029,accidental_saver,0.1609,5558.18
C00030,hunter,0.3525,5082.69
C00031,hunter,0.5362,20673.0
C00032,sure_thing,0.0263,12281.56
C00033,sure_thing,0.0433,31203.3
C00034,accidental_saver,0.114,12531.84
C00035,sure_thing,0.0413,14004.24
C00036,sure_thing,0.0824,37464.09
C00037,accidental_saver,0.1729,33643.32
C00038,sure_thing,0.0709,10489.0
C00039,accidental_saver,0.18,32239.0
C00040,accidental_saver,0.0845,30158.61
C00041,hunter,0.2525,8291.27
C00042,accidental_saver,0.0434,7100.37
C00043,sure_thing,0.0533,21448.2
C00044,hunter,0.3455,18531.32
C00045,hunter,0.3568,16619.45
C00046,sure_thing,0.0418,38449.43
C00047,sure_thing,0.0621,9398.31
C00048,accidental_saver,0.2347,4146.81
C00049,sure_thing,0.0158,3584.72
C00050,sure_thing,0.0282,3144.08
C00051,sure_thing,0.0397,6283.18
C00052,hunter,0.3762,27643.94
C00053,accidental_saver,0.2014,36379.54
C00054,accidental_saver,0.1699,21372.9
C00055,hunter,0.5435,24270.15
C00056,accidental_saver,0.3135,19756.2
C00057,accidental_saver,0.1225,32815.23
C00058,sure_thing,0.0133,33259.91
C00059,sure_thing,0.03,12439.61
C00060,accidental_saver,0.2326,28483.83
C00061,accidental_saver,0.2694,12148.49
C00062,accidental_saver,0.0492,18182.63
C00063,hunter,0.4182,13065.67
C00064,accidental_saver,0.2348,10632.1
C00065,accidental_saver,0.0423,35178.32
C00066,accidental_saver,0.201,34121.44
C00067,sure_thing,0.0305,8003.19
C00068,sure_thing,0.0231,5780.16
C00069,accidental_saver,0.0497,5268.25
C00070,sure_thing,0.0297,23670.95
C00071,sure_thing,0.0629,20212.86
C00072,hunter,0.4719,16753.32
C00073,sure_thing,0.051,16929.37
C00074,sure_thing,0.0702,14755.73
C00075,sure_thing,0.0385,12233.28
C00076,sure_thing,0.06,11207.46
C00077,accidental_saver,0.2936,39056.53
C00078,accidental_saver,0.1364,37145.98
C00079,hunter,0.406,29227.9
C00080,accidental_saver,0.1838,24988.89
C00081,sure_thing,0.0387,33150.41
C00082,hunter,0.4198,36795.1
C00083,sure_thing,0.0138,12514.57
C00084,sure_thing,0.0219,33322.53
C00085,sure_thing,0.0854,23308.84
C00086,accidental_saver,0.1535,39232.0
C00087,accidental_saver,0.0662,13838.63
C00088,sure_thing,0.0592,20546.98
C00089,accidental_saver,0.1559,39458.49
C00090,sure_thing,0.034,30732.05
C00091,accidental_saver,0.1134,8611.56
C00092,accidental_saver,0.3332,30070.2
C00093,sure_thing,0.0265,12890.09
C00094,sure_thing,0.0148,38689.5
C00095,accidental_saver,0.1925,26714.99
C00096,sure_thing,0.0319,26400.51
C00097,sure_thing,0.0806,7768.46
C00098,sure_thing,0.0727,31745.56
C00099,hunter,0.2786,3030.51
C00100,hunter,0.373,38681.58
C00101,accidental_saver,0.0336,39429.65
C00102,sure_thing,0.0593,5134.63
C00103,hunter,0.4062,17357.98
C00104,hunter,0.4533,5315.13
C00105,accidental_saver,0.1139,15232.22
C00106,accidental_saver,0.1656,7148.56
C00107,sure_thing,0.0567,37008.92
C00108,sure_thing,0.0626,4380.48
C00109,hunter,0.3317,11438.94
C00110,accidental_saver,0.2171,22734.27
C00111,sure_thing,0.0175,6336.36
C00112,sure_thing,0.0377,37872.84
C00113,accidental_saver,0.0918,37665.54
C00114,sure_thing,0.0433,32649.91
C00115,hunter,0.507,16567.44
C00116,hunter,0.4556,32434.43
C00117,accidental_saver,0.2117,20782.54
C00118,accidental_saver,0.0955,19318.55
C00119,accidental_saver,0.1429,13609.52
C00120,accidental_saver,0.087,28849.44
C00121,accidental_saver,0.1034,22366.68
C00122,sure_thing,0.0223,14081.96
C00123,sure_thing,0.0276,22560.51
C00124,sure_thing,0.0151,3262.16
C00125,accidental_saver,0.1059,33400.71
C00126,sure_thing,0.0041,19692.39
C00127,sure_thing,0.0187,19543.65
C00128,sure_thing,0.0478,34017.97
C00129,accidental_saver,0.1266,7778.04
C00130,sure_thing,0.0743,23983.05
C00131,hunter,0.5463,9370.31
C00132,accidental_saver,0.1354,33991.84
C00133,sure_thing,0.0971,8714.45
C00134,accidental_saver,0.1718,34956.24
C00135,sure_thing,0.0545,21645.52
C00136,hunter,0.4439,19492.11
C00137,accidental_saver,0.1103,36860.12
C00138,hunter,0.466,35169.91
C00139,sure_thing,0.056,12119.61
C00140,accidental_saver,0.1141,38678.46
C00141,accidental_saver,0.1169,6936.38
C00142,hunter,0.5034,33185.83
C00143,accidental_saver,0.2725,10516.53
C00144,accidental_saver,0.1589,18532.99
C00145,sure_thing,0.0415,14915.26
C00146,sure_thing,0.0797,25760.02
C00147,accidental_saver,0.1848,18910.98
C00148,accidental_saver,0.1074,35101.12
C00149,sure_thing,0.0731,34488.37
C00150,hunter,0.4119,24428.67
C00151,hunter,0.4761,29529.72
C00152,sure_thing,0.0353,12681.23
C00153,accidental_saver,0.1819,27495.84
C00154,sure_thing,0.119,38587.82
C00155,accidental_saver,0.1257,15016.51
C00156,sure_thing,0.0564,14558.35
C00157,accidental_saver,0.2095,5279.02
C00158,accidental_saver,0.136,23164.37
C00159,hunter,0.387,28366.91
C00160,sure_thing,0.0304,13482.32
C00161,hunter,0.4602,20388.72
C00162,sure_thing,0.047,7126.29
C00163,sure_thing,0.0197,20154.15
C00164,accidental_saver,0.1029,37210.91
C00165,sure_thing,0.0181,35605.63
C00166,hunter,0.401,27437.06
C00167,hunter,0.4454,22662.84
C00168,sure_thing,0.032,5702.53
C00169,hunter,0.4209,37941.66
C00170,sure_thing,0.0451,13132.39
C00171,accidental_saver,0.1552,10485.42
C00172,sure_thing,0.0012,11144.85
C00173,hunter,0.283,15567.51
C00174,sure_thing,0.0272,25652.26
C00175,sure_thing,0.0634,10155.26
C00176,accidental_saver,0.232,26693.88
C00177,hunter,0.2427,20780.72
C00178,hunter,0.5085,34437.32
C00179,hunter,0.3269,28722.95
C00180,hunter,0.4495,8780.93
C00181,hunter,0.3926,6735.19
C00182,accidental_saver,0.3203,27374.08
C00183,sure_thing,0.0314,21511.68
C00184,hunter,0.3621,39870.69
C00185,accidental_saver,0.0711,21612.69
C00186,sure_thing,0.037,28545.1
C00187,sure_thing,0.0319,10672.8
C00188,hunter,0.4002,38594.53
C00189,sure_thing,0.0375,28878.68
C00190,hunter,0.3134,33927.75
C00191,sure_thing,0.0598,30790.0
C00192,sure_thing,0.0711,28122.47
C00193,hunter,0.4008,23596.4
C00194,sure_thing,0.0027,27246.35
C00195,sure_thing,0.0223,8543.81
C00196,accidental_saver,0.1753,13476.0
C00197,hunter,0.3528,17975.69
C00198,sure_thing,0.0341,11006.4
C00199,sure_thing,0.0441,28458.28
C00200,hunter,0.4999,22253.14
C00201,hunter,0.463,23380.77
C00202,accidental_saver,0.0732,5501.94
C00203,sure_thing,0.0555,38136.51
C00204,sure_thing,0.0264,38231.43
C00205,sure_thing,0.0201,18982.74
C00206,sure_thing,0.094,22313.9
C00207,accidental_saver,0.2738,22200.43
C00208,sure_thing,0.0266,13105.93
C00209,accidental_saver,0.1586,31683.63
C00210,accidental_saver,0.0839,17032.84
C00211,accidental_saver,0.1783,33663.29
C00212,sure_thing,0.0709,23524.62
C00213,hunter,0.3167,33506.6
C00214,accidental_saver,0.0793,13308.81
C00215,accidental_saver,0.2044,32245.29
C00216,sure_thing,0.0228,6966.8
C00217,sure_thing,0.0201,17706.54
C00218,hunter,0.415,18954.95
C00219,sure_thing,0.072,11671.57
C00220,sure_thing,0.0519,4800.7
C00221,accidental_saver,0.0433,3060.34
C00222,accidental_saver,0.1801,33100.48
C00223,hunter,0.4685,34400.74
C00224,sure_thing,0.0432,31455.29
C00225,hunter,0.4585,9727.17
C00226,sure_thing,0.019,6936.08
C00227,accidental_saver,0.1156,10968.22
C00228,accidental_saver,0.0402,19546.36
C00229,sure_thing,0.0924,4441.48
C00230,sure_thing,0.0041,35193.53
C00231,sure_thing,0.087,15592.75
C00232,hunter,0.4651,5869.41
C00233,accidental_saver,0.1565,20450.08
C00234,hunter,0.5359,19441.55
C00235,hunter,0.4881,10170.33
C00236,accidental_saver,0.1461,32758.24
C00237,hunter,0.3298,7854.58
C00238,sure_thing,0.0127,7099.76
C00239,sure_thing,0.0836,21638.98
C00240,hunter,0.5093,3162.83
C00241,hunter,0.471,24656.47
C00242,sure_thing,0.0398,9713.81
C00243,accidental_saver,0.0748,18118.23
C00244,accidental_saver,0.1909,23001.16
C00245,hunter,0.3886,36632.0
C00246,accidental_saver,0.1432,18724.32
C00247,sure_thing,0.03,32806.69
C00248,sure_thing,0.0316,27501.88
C00249,sure_thing,0.0921,23513.53
C00250,accidental_saver,0.1613,28716.42
C00251,hunter,0.4844,35885.15
C00252,accidental_saver,0.131,7461.37
C00253,sure_thing,0.0494,13203.2
C00254,sure_thing,0.0329,26348.04
C00255,hunter,0.3776,32624.86
C00256,hunter,0.3221,11990.48
C00257,sure_thing,0.0336,4152.77
C00258,sure_thing,0.0738,36694.57
C00259,accidental_saver,0.0535,34632.97
C00260,sure_thing,0.0517,9165.54
C00261,hunter,0.5261,10287.76
C00262,sure_thing,0.0373,19090.71
C00263,sure_thing,0.051,36142.04
C00264,hunter,0.3016,8887.36
C00265,sure_thing,0.0227,5052.98
C00266,sure_thing,0.0793,15714.9
C00267,sure_thing,0.0545,18417.94
C00268,sure_thing,0.0459,39808.46
C00269,sure_thing,0.0538,19669.97
C00270,sure_thing,0.017,31367.96
C00271,sure_thing,0.0487,36917.72
C00272,sure_thing,0.0463,25994.78
C00273,accidental_saver,0.1197,6254.66
C00274,accidental_saver,0.1906,7649.17
C00275,sure_thing,0.0027,4733.71
C00276,sure_thing,0.0225,5008.77
C00277,accidental_saver,0.0725,39046.17
C00278,hunter,0.3314,37405.73
C00279,hunter,0.4632,13835.33
C00280,sure_thing,0.0307,32609.19
C00281,sure_thing,0.0877,13851.12
C00282,sure_thing,0.0504,32749.25
C00283,sure_thing,0.0498,16633.32
C00284,accidental_saver,0.2683,24361.54
C00285,sure_thing,0.0333,23528.54
C00286,sure_thing,0.0212,6424.68
C00287,sure_thing,0.1309,12283.78
C00288,accidental_saver,0.2501,4522.67
C00289,sure_thing,0.0275,16238.97
C00290,hunter,0.5277,29766.15
C00291,sure_thing,0.0467,18416.77
C00292,hunter,0.4964,14680.79
C00293,sure_thing,0.007,33674.42
C00294,hunter,0.5013,17344.08
C00295,hunter,0.3643,17215.7
C00296,hunter,0.4469,29910.42
C00297,hunter,0.5516,26901.61
C00298,hunter,0.4321,33709.51
C00299,accidental_saver,0.1515,22883.75
C00300,hunter,0.4703,5350.73
C00301,sure_thing,0.041,26405.14
C00302,accidental_saver,0.2143,16547.79
C00303,accidental_saver,0.1025,34835.9
C00304,hunter,0.4268,17800.92
C00305,accidental_saver,0.2274,8386.56
C00306,sure_thing,0.049,22196.13
C00307,accidental_saver,0.1326,25195.98
C00308,sure_thing,0.0652,35523.14
C00309,sure_thing,0.0451,27503.95
C00310,accidental_saver,0.1919,34475.55
C00311,sure_thing,0.0021,25707.41
C00312,sure_thing,0.0038,22671.29
C00313,sure_thing,0.001,29302.84
C00314,sure_thing,0.0125,25738.87
C00315,sure_thing,0.0581,7189.04
C00316,sure_thing,0.0479,19080.36
C00317,accidental_saver,0.1844,30628.82
C00318,sure_thing,0.0336,25762.01
C00319,hunter,0.4141,9412.42
C00320,hunter,0.4044,22773.5
C00321,accidental_saver,0.1733,22843.49
C00322,sure_thing,0.048,10337.03
C00323,accidental_saver,0.1141,14933.85
C00324,hunter,0.39,36820.24
C00325,accidental_saver,0.0712,4361.58
C00326,hunter,0.4796,36703.04
C00327,accidental_saver,0.2097,22499.82
C00328,accidental_saver,0.2787,12012.04
C00329,sure_thing,0.0175,26142.17
C00330,accidental_saver,0.157,33722.83
C00331,sure_thing,0.0473,15977.16
C00332,accidental_saver,0.0538,27824.75
C00333,hunter,0.3949,15314.52
C00334,sure_thing,0.0473,12296.75
C00335,accidental_saver,0.1429,27901.97
C00336,sure_thing,0.0495,25473.26
C00337,accidental_saver,0.0674,8847.86
C00338,sure_thing,0.0453,5261.79
C00339,hunter,0.4335,38563.38
C00340,sure_thing,0.0261,3345.38
C00341,hunter,0.3802,12225.42
C00342,hunter,0.4831,4379.17
C00343,accidental_saver,0.1955,23203.93
C00344,hunter,0.4657,13599.66
C00345,hunter,0.3506,27638.84
C00346,hunter,0.4713,7004.53
C00347,sure_thing,0.0734,5255.46
C00348,accidental_saver,0.3381,5170.68
C00349,sure_thing,0.0331,7321.3
C00350,accidental_saver,0.2309,11143.76
C00351,sure_thing,0.0393,18978.38
C00352,accidental_saver,0.1749,17916.3
C00353,accidental_saver,0.1212,9770.59
C00354,accidental_saver,0.1949,6543.19
C00355,accidental_saver,0.1891,22888.89
C00356,hunter,0.3832,16605.41
C00357,hunter,0.402,5069.81
C00358,accidental_saver,0.1236,26724.02
C00359,accidental_saver,0.0479,26686.34
C00360,hunter,0.4691,18633.13
C00361,sure_thing,0.0678,27138.06
C00362,sure_thing,0.0378,29150.8
C00363,sure_thing,0.0524,12713.95
C00364,accidental_saver,0.2006,20018.1
C00365,sure_thing,0.0275,4196.17
C00366,hunter,0.4847,10991.23
C00367,accidental_saver,0.0609,11349.14
C00368,sure_thing,0.042,9180.41
C00369,hunter,0.3696,27082.78
C00370,hunter,0.3569,32639.82
C00371,sure_thing,0.0258,30747.12
C00372,sure_thing,0.0343,29628.45
C00373,sure_thing,0.0185,21484.29
C00374,sure_thing,0.0237,8649.67
C00375,sure_thing,0.0329,25110.28
C00376,hunter,0.4231,18814.69
C00377,accidental_saver,0.2757,29900.87
C00378,sure_thing,0.011,26658.06
C00379,accidental_saver,0.0772,13519.05
C00380,accidental_saver,0.1032,13201.61
C00381,hunter,0.411,8753.97
C00382,hunter,0.5596,10837.88
C00383,accidental_saver,0.2088,15625.84
C00384,sure_thing,0.0712,7036.33
C00385,hunter,0.5077,33073.67
C00386,accidental_saver,0.0836,30629.03
C00387,hunter,0.3554,12232.34
C00388,sure_thing,0.0741,15863.87
C00389,hunter,0.4292,12657.23
C00390,accidental_saver,0.1622,24432.62
C00391,sure_thing,0.073,30827.96
C00392,accidental_saver,0.1924,39981.11
C00393,accidental_saver,0.0446,7548.95
C00394,sure_thing,0.0454,23701.85
C00395,accidental_saver,0.124,11500.07
C00396,hunter,0.3338,28874.56
C00397,sure_thing,0.0029,30725.28
C00398,accidental_saver,0.1474,32723.93
C00399,accidental_saver,0.2608,6907.38
C00400,sure_thing,0.0361,18241.26
C00401,hunter,0.4316,10458.81
C00402,hunter,0.4332,17283.24
C00403,sure_thing,0.0271,39601.7
C00404,hunter,0.5109,8024.08
C00405,hunter,0.4882,28272.93
C00406,sure_thing,0.0306,16053.95
C00407,hunter,0.5189,7556.94
C00408,sure_thing,0.0275,25421.16
C00409,hunter,0.1649,17561.96
C00410,accidental_saver,0.1159,23079.46
C00411,accidental_saver,0.2364,3313.08
C00412,sure_thing,0.0402,19218.45
C00413,hunter,0.365,33786.53
C00414,sure_thing,0.0303,23273.78
C00415,sure_thing,0.034,34311.65
C00416,sure_thing,0.027,18068.32
C00417,hunter,0.4831,15509.17
C00418,sure_thing,0.0612,4235.89
C00419,hunter,0.1764,9006.08
C00420,accidental_saver,0.2994,18448.99
C00421,sure_thing,0.0612,7156.77
C00422,sure_thing,0.0257,28195.75
C00423,sure_thing,0.0606,17717.66
C00424,accidental_saver,0.1261,10770.18
C00425,hunter,0.5026,20673.12
C00426,sure_thing,0.0821,27178.81
C00427,hunter,0.474,39066.1
C00428,sure_thing,0.0237,29204.1
C00429,hunter,0.3507,7410.13
C00430,hunter,0.3619,17651.73
C00431,hunter,0.2791,4004.18
C00432,accidental_saver,0.0968,25116.61
C00433,hunter,0.4084,17481.25
C00434,sure_thing,0.0645,22546.82
C00435,sure_thing,0.0588,23474.81
C00436,sure_thing,0.0344,11470.55
C00437,accidental_saver,0.1365,6155.97
C00438,hunter,0.3109,7627.37
C00439,accidental_saver,0.1438,32977.76
C00440,hunter,0.386,39758.23
C00441,sure_thing,0.0363,9701.42
C00442,accidental_saver,0.2493,15560.09
C00443,sure_thing,0.061,24622.52
C00444,sure_thing,0.0171,35132.34
C00445,accidental_saver,0.19,14448.17
C00446,hunter,0.447,15553.9
C00447,accidental_saver,0.1776,38317.42
C00448,sure_thing,0.0138,3806.78
C00449,accidental_saver,0.17,12577.56
C00450,sure_thing,0.0156,23492.91
C00451,hunter,0.366,25440.72
C00452,accidental_saver,0.0909,28562.81
C00453,sure_thing,0.0395,14813.74
C00454,sure_thing,0.0166,34320.33
C00455,sure_thing,0.0323,22788.02
C00456,hunter,0.5305,23227.32
C00457,accidental_saver,0.2007,11858.83
C00458,hunter,0.5128,36801.08
C00459,accidental_saver,0.1202,28421.02
C00460,accidental_saver,0.0967,7677.23
C00461,sure_thing,0.0171,15099.73
C00462,hunter,0.5076,10827.1
C00463,sure_thing,0.0321,35483.29
C00464,accidental_saver,0.1231,24289.92
C00465,accidental_saver,0.1514,6384.4
C00466,accidental_saver,0.0706,5931.12
C00467,hunter,0.5361,4275.03
C00468,sure_thing,0.0231,39994.85
C00469,accidental_saver,0.1759,31304.53
C00470,sure_thing,0.0363,10318.76
C00471,accidental_saver,0.0874,7965.61
C00472,sure_thing,0.0373,4789.59
C00473,sure_thing,0.0531,30053.06
C00474,sure_thing,0.0207,9667.18
C00475,sure_thing,0.0474,36608.47
C00476,sure_thing,0.0312,38041.32
C00477,accidental_saver,0.145,9964.34
C00478,accidental_saver,0.2421,28836.97
C00479,sure_thing,0.0893,11517.82
C00480,sure_thing,0.0238,21777.67
C00481,sure_thing,0.0565,7157.69
C00482,accidental_saver,0.1884,36054.91
C00483,sure_thing,0.0375,38147.15
C00484,sure_thing,0.0112,8937.92
C00485,sure_thing,0.1247,25799.34
C00486,accidental_saver,0.1106,39468.52
C00487,sure_thing,0.0244,28338.78
C00488,accidental_saver,0.0667,4810.55
C00489,accidental_saver,0.036,4144.11
C00490,accidental_saver,0.1169,22544.55
C00491,accidental_saver,0.0764,8377.96
C00492,accidental_saver,0.0967,22558.27
C00493,sure_thing,0.0263,27909.14
C00494,hunter,0.3546,33719.32
C00495,accidental_saver,0.1154,27646.85
C00496,accidental_saver,0.1805,10256.45
C00497,accidental_saver,0.0471,15372.41
C00498,sure_thing,0.0569,36701.5
C00499,accidental_saver,0.0999,36633.01
C00500,accidental_saver,0.1288,29919.61
C00501,hunter,0.3788,35324.67
C00502,hunter,0.3226,11844.47
C00503,accidental_saver,0.2871,10219.44
C00504,accidental_saver,0.1936,28952.05
C00505,hunter,0.254,12363.37
C00506,sure_thing,0.0086,15489.21
C00507,hunter,0.477,21765.9
C00508,accidental_saver,0.1187,34138.78
C00509,sure_thing,0.1381,24784.37
C00510,sure_thing,0.0428,38091.06
C00511,hunter,0.3652,22813.28
C00512,sure_thing,0.017,37971.12
C00513,sure_thing,0.0405,35314.83
C00514,sure_thing,0.0309,10169.54
C00515,sure_thing,0.0532,14309.52
C00516,sure_thing,0.041,18313.53
C00517,hunter,0.3679,6877.82
C00518,sure_thing,0.0321,26568.64
C00519,hunter,0.3196,17738.88
C00520,hunter,0.3681,5053.63
C00521,sure_thing,0.0475,28987.97
C00522,sure_thing,0.0796,29265.24
C00523,accidental_saver,0.3059,38598.3
C00524,sure_thing,0.0289,9302.47
C00525,sure_thing,0.0226,30799.48
C00526,hunter,0.4156,30969.68
C00527,hunter,0.383,39433.68
C00528,hunter,0.2954,33290.48
C00529,sure_thing,0.1002,22572.89
C00530,accidental_saver,0.1806,25231.75
C00531,accidental_saver,0.0595,16922.09
C00532,sure_thing,0.0117,36404.65
C00533,accidental_saver,0.1809,15506.55
C00534,sure_thing,0.0305,26084.82
C00535,sure_thing,0.0088,28460.65
C00536,accidental_saver,0.1716,24151.69
C00537,sure_thing,0.0144,27733.06
C00538,sure_thing,0.0275,39293.41
C00539,hunter,0.3096,25464.04
C00540,hunter,0.3363,12914.77
C00541,accidental_saver,0.1188,37239.51
C00542,hunter,0.3321,5705.14
C00543,hunter,0.5442,6089.22
C00544,sure_thing,0.0872,39066.84
C00545,accidental_saver,0.2341,6911.18
C00546,sure_thing,0.0568,18357.25
C00547,sure_thing,0.0778,27691.73
C00548,hunter,0.4854,14315.68
C00549,accidental_saver,0.2364,20599.13
C00550,accidental_saver,0.1875,23961.38
C00551,sure_thing,0.0492,32880.88
C00552,sure_thing,0.0287,23485.3
C00553,hunter,0.3582,24328.58
C00554,sure_thing,0.0484,24561.05
C00555,sure_thing,0.0171,39357.86
C00556,sure_thing,0.0237,28372.83
C00557,accidental_saver,0.0365,34184.91
C00558,accidental_saver,0.0728,26875.42
C00559,accidental_saver,0.1469,34957.62
C00560,sure_thing,0.041,38231.12
C00561,sure_thing,0.0431,21615.95
C00562,hunter,0.4753,32996.08
C00563,accidental_saver,0.1147,10659.95
C00564,accidental_saver,0.0557,8991.65
C00565,accidental_saver,0.1834,38520.86
C00566,hunter,0.6014,33858.0
C00567,sure_thing,0.0102,7121.17
C00568,sure_thing,0.0711,30512.89
C00569,accidental_saver,0.1016,35359.36
C00570,sure_thing,0.063,37916.7
C00571,hunter,0.5446,22772.26
C00572,accidental_saver,0.1582,5848.55
C00573,hunter,0.3595,18500.56
C00574,hunter,0.2703,28381.97
C00575,accidental_saver,0.217,18212.15
C00576,hunter,0.5282,3535.17
C00577,accidental_saver,0.0461,14925.92
C00578,hunter,0.3273,39708.74
C00579,sure_thing,0.0269,9744.56
C00580,accidental_saver,0.1473,7714.94
C00581,accidental_saver,0.2386,21119.12
C00582,sure_thing,0.0993,4438.03
C00583,sure_thing,0.0338,22659.69
C00584,hunter,0.3715,11264.09
C00585,accidental_saver,0.1922,27421.9
C00586,sure_thing,0.0653,33674.92
C00587,sure_thing,0.0784,17746.17
C00588,sure_thing,0.039,19589.4
C00589,sure_thing,0.036,27392.78
C00590,hunter,0.2181,18127.35
C00591,accidental_saver,0.1641,33451.62
C00592,sure_thing,0.019,26681.94
C00593,accidental_saver,0.1994,24016.04
C00594,sure_thing,0.0422,25085.07
C00595,sure_thing,0.0308,35637.88
C00596,accidental_saver,0.184,17930.25
C00597,accidental_saver,0.0951,29710.45
C00598,hunter,0.4399,30823.51
C00599,accidental_saver,0.0495,15745.68
C00600,accidental_saver,0.1308,12765.91
C00601,hunter,0.4282,30703.06
C00602,hunter,0.4832,19178.68
C00603,accidental_saver,0.0562,8842.09
C00604,hunter,0.4531,16883.64
C00605,hunter,0.3889,33615.18
C00606,hunter,0.4198,33583.45
C00607,sure_thing,0.0329,18843.2
C00608,accidental_saver,0.2161,7376.86
C00609,accidental_saver,0.1138,27073.5
C00610,accidental_saver,0.2795,3859.23
C00611,accidental_saver,0.0335,4643.06
C00612,hunter,0.3828,24501.25
C00613,hunter,0.4552,20692.27
C00614,sure_thing,0.0839,30428.73
C00615,accidental_saver,0.2543,6443.85
C00616,hunter,0.3286,17340.65
C00617,sure_thing,0.0578,33013.46
C00618,sure_thing,0.0411,25540.41
C00619,sure_thing,0.0532,30164.96
C00620,hunter,0.3935,28006.04
C00621,accidental_saver,0.0302,20390.65
C00622,hunter,0.5059,25651.12
C00623,accidental_saver,0.1609,21328.69
C00624,hunter,0.4137,30906.17
C00625,sure_thing,0.0467,9013.47
C00626,hunter,0.5007,17089.96
C00627,sure_thing,0.0147,28431.47
C00628,accidental_saver,0.0767,7290.63
C00629,hunter,0.4245,16485.58
C00630,hunter,0.531,17502.17
C00631,hunter,0.4621,5382.25
C00632,sure_thing,0.0137,39700.32
C00633,sure_thing,0.0183,6050.85
C00634,sure_thing,0.0161,3494.77
C00635,sure_thing,0.0335,35815.95
C00636,accidental_saver,0.1763,5199.58
C00637,accidental_saver,0.075,14545.68
C00638,hunter,0.3788,31737.68
C00639,hunter,0.4532,19538.04
C00640,accidental_saver,0.1471,38841.09
C00641,hunter,0.341,20698.0
C00642,sure_thing,0.0233,23906.2
C00643,sure_thing,0.063,7686.47
C00644,accidental_saver,0.0401,39106.49
C00645,hunter,0.4159,21364.73
C00646,sure_thing,0.0339,38087.84
C00647,accidental_saver,0.1699,27692.71
C00648,accidental_saver,0.128,39100.08
C00649,sure_thing,0.033,23248.14
C00650,sure_thing,0.0331,21907.23
C00651,hunter,0.4045,10850.19
C00652,accidental_saver,0.0717,24874.4
C00653,sure_thing,0.0473,4175.99
C00654,hunter,0.3983,21271.03
C00655,sure_thing,0.0887,13176.39
C00656,hunter,0.4268,16444.47
C00657,sure_thing,0.0261,5800.38
C00658,accidental_saver,0.087,5722.58
C00659,sure_thing,0.0289,6606.99
C00660,sure_thing,0.0523,28543.41
C00661,hunter,0.5063,4914.96
C00662,sure_thing,0.0559,28926.37
C00663,sure_thing,0.1003,24135.11
C00664,sure_thing,0.0996,10407.63
C00665,accidental_saver,0.0468,17647.75
C00666,hunter,0.4678,37332.17
C00667,hunter,0.382,13726.51
C00668,sure_thing,0.0109,23339.25
C00669,sure_thing,0.0599,30941.08
C00670,sure_thing,0.0583,6190.62
C00671,accidental_saver,0.0658,25465.59
C00672,hunter,0.3936,21885.73
C00673,accidental_saver,0.1104,35994.47
C00674,accidental_saver,0.1151,30256.78
C00675,sure_thing,0.0678,31773.97
C00676,hunter,0.4073,26622.47
C00677,accidental_saver,0.109,13609.53
C00678,sure_thing,0.0016,19308.37
C00679,sure_thing,0.0502,33331.2
C00680,sure_thing,0.0385,29298.48
C00681,sure_thing,0.076,10772.56
C00682,sure_thing,0.0411,27387.94
C00683,accidental_saver,0.0862,32087.57
C00684,accidental_saver,0.2111,16077.58
C00685,sure_thing,0.0201,24265.32
C00686,sure_thing,0.0102,10477.7
C00687,hunter,0.2968,12349.68
C00688,hunter,0.5268,6541.36
C00689,accidental_saver,0.2496,13528.6
C00690,sure_thing,0.028,11919.64
C00691,hunter,0.3717,15414.88
C00692,sure_thing,0.1254,29742.56
C00693,sure_thing,0.0093,39483.9
C00694,hunter,0.602,8180.14
C00695,accidental_saver,0.2261,8814.04
C00696,hunter,0.401,26498.43
C00697,accidental_saver,0.1235,35533.36
C00698,accidental_saver,0.2058,22842.31
C00699,sure_thing,0.0529,3861.34
C00700,sure_thing,0.1331,33074.24
C00701,sure_thing,0.0228,9260.3
C00702,sure_thing,0.0023,32941.93
C00703,hunter,0.4336,38906.02
C00704,sure_thing,0.0424,34843.15
C00705,accidental_saver,0.1112,5734.77
C00706,hunter,0.4747,6943.01
C00707,hunter,0.2896,8097.49
C00708,accidental_saver,0.047,15585.21
C00709,accidental_saver,0.2387,38278.13
C00710,hunter,0.4021,6289.29
C00711,accidental_saver,0.1159,11994.96
C00712,hunter,0.3952,32935.36
C00713,hunter,0.2274,18442.45
C00714,hunter,0.5059,27531.45
C00715,sure_thing,0.033,31913.59
C00716,accidental_saver,0.1356,32065.55
C00717,sure_thing,0.0639,18197.86
C00718,accidental_saver,0.0693,32246.67
C00719,hunter,0.5327,27838.22
C00720,accidental_saver,0.1138,30903.64
C00721,accidental_saver,0.1657,35157.79
C00722,sure_thing,0.0904,34397.84
C00723,hunter,0.2618,10146.32
C00724,sure_thing,0.069,14474.44
C00725,sure_thing,0.0228,33653.49
C00726,sure_thing,0.107,10151.29
C00727,sure_thing,0.052,29859.04
C00728,accidental_saver,0.2007,14404.28
C00729,accidental_saver,0.1952,17670.64
C00730,sure_thing,0.0615,21750.47
C00731,sure_thing,0.0284,18680.87
C00732,sure_thing,0.0325,21291.72
C00733,sure_thing,0.0332,4328.96
C00734,sure_thing,0.0298,22502.42
C00735,accidental_saver,0.1306,20314.05
C00736,sure_thing,0.061,36157.36
C00737,sure_thing,0.0724,19651.26
C00738,sure_thing,0.0472,9328.45
C00739,sure_thing,0.0491,37009.26
C00740,sure_thing,0.0684,38599.39
C00741,sure_thing,0.053,22184.94
C00742,hunter,0.5333,22713.92
C00743,sure_thing,0.0267,15441.52
C00744,accidental_saver,0.2288,22036.87
C00745,accidental_saver,0.0813,20365.7
C00746,sure_thing,0.0038,32682.72
C00747,accidental_saver,0.2174,38116.35
C00748,hunter,0.4186,31772.45
C00749,hunter,0.3697,14027.77
C00750,sure_thing,0.0528,32086.49
C00751,sure_thing,0.022,15420.77
C00752,sure_thing,0.0246,26055.54
C00753,accidental_saver,0.0649,20960.13
C00754,accidental_saver,0.0485,20777.93
C00755,sure_thing,0.0118,34343.21
C00756,sure_thing,0.0778,19094.29
C00757,hunter,0.4465,4284.39
C00758,sure_thing,0.0312,12547.96
C00759,accidental_saver,0.1142,22110.27
C00760,accidental_saver,0.1916,20944.95
C00761,sure_thing,0.0372,32626.75
C00762,sure_thing,0.0382,20936.8
C00763,sure_thing,0.0299,33202.72
C00764,hunter,0.3263,23353.13
C00765,sure_thing,0.0168,30538.5
C00766,sure_thing,0.0119,22476.36
C00767,sure_thing,0.0841,29811.36
C00768,sure_thing,0.0134,19748.01
C00769,accidental_saver,0.2127,14100.36
C00770,sure_thing,0.0055,12673.13
C00771,accidental_saver,0.2196,34447.12
C00772,accidental_saver,0.1511,3842.27
C00773,hunter,0.3863,29283.65
C00774,sure_thing,0.0162,27156.42
C00775,hunter,0.243,21697.57
C00776,accidental_saver,0.0841,37677.85
C00777,sure_thing,0.052,38063.94
C00778,hunter,0.3593,37936.18
C00779,hunter,0.4536,24394.88
C00780,sure_thing,0.0308,29457.6
C00781,hunter,0.4427,38836.96
C00782,accidental_saver,0.2711,39075.69
C00783,accidental_saver,0.0887,3755.6
C00784,hunter,0.3759,19861.42
C00785,sure_thing,0.0245,12377.71
C00786,hunter,0.5215,18341.35
C00787,sure_thing,0.0172,35259.39
C00788,hunter,0.4191,29219.32
C00789,accidental_saver,0.1102,4919.31
C00790,sure_thing,0.0448,19654.48
C00791,sure_thing,0.0558,36328.35
C00792,sure_thing,0.0564,13459.45
C00793,sure_thing,0.0199,3949.89
C00794,sure_thing,0.0317,10413.06
C00795,sure_thing,0.035,3330.71
C00796,sure_thing,0.071,28947.64
C00797,sure_thing,0.0552,11164.35
C00798,accidental_saver,0.1025,6624.2
C00799,accidental_saver,0.1248,31632.07
C00800,accidental_saver,0.1384,5837.15
C00801,sure_thing,0.0128,30389.95
C00802,hunter,0.4078,11763.75
C00803,accidental_saver,0.1694,21042.3
C00804,sure_thing,0.0419,9865.34
C00805,sure_thing,0.036,25359.23
C00806,accidental_saver,0.0845,9051.38
C00807,sure_thing,0.0351,31686.81
C00808,accidental_saver,0.0822,11226.17
C00809,hunter,0.4144,28605.07
C00810,sure_thing,0.0844,21784.25
C00811,sure_thing,0.044,38777.47
C00812,hunter,0.4401,20029.98
C00813,accidental_saver,0.1197,7766.98
C00814,sure_thing,0.0428,15344.79
C00815,hunter,0.2708,28152.07
C00816,hunter,0.4586,16779.83
C00817,accidental_saver,0.1637,37856.35
C00818,accidental_saver,0.1093,4298.19
C00819,sure_thing,0.0367,12908.29
C00820,sure_thing,0.0103,30736.89
C00821,accidental_saver,0.0958,16246.97
C00822,sure_thing,0.0446,34286.23
C00823,accidental_saver,0.2341,6851.36
C00824,hunter,0.2156,22238.92
C00825,sure_thing,0.0518,7552.6
C00826,accidental_saver,0.1581,36243.89
C00827,sure_thing,0.0615,21456.95
C00828,hunter,0.5499,15846.72
C00829,sure_thing,0.0524,24940.76
C00830,accidental_saver,0.2263,33803.19
C00831,accidental_saver,0.1688,15332.42
C00832,sure_thing,0.0419,27816.75
C00833,accidental_saver,0.1333,6742.26
C00834,accidental_saver,0.1615,15469.74
C00835,accidental_saver,0.1902,14845.46
C00836,hunter,0.413,38921.84
C00837,hunter,0.5548,22513.65
C00838,sure_thing,0.0395,14150.02
C00839,accidental_saver,0.1203,10981.31
C00840,sure_thing,0.007,10363.56
C00841,hunter,0.4639,33330.72
C00842,accidental_saver,0.1731,27111.81
C00843,sure_thing,0.0168,23271.59
C00844,sure_thing,0.0056,38681.61
C00845,hunter,0.3373,18286.33
C00846,sure_thing,0.0642,27829.09
C00847,accidental_saver,0.1447,30919.28
C00848,sure_thing,0.0087,16381.52
C00849,hunter,0.4111,9969.52
C00850,sure_thing,0.0752,18147.83
C00851,sure_thing,0.0084,37529.83
C00852,hunter,0.4859,28735.03
C00853,hunter,0.3651,34861.16
C00854,sure_thing,0.0337,31461.16
C00855,accidental_saver,0.1673,23192.45
C00856,accidental_saver,0.2181,11016.85
C00857,hunter,0.3187,24890.64
C00858,sure_thing,0.0487,25157.88
C00859,accidental_saver,0.2357,13372.66
C00860,hunter,0.4359,39460.58
C00861,accidental_saver,0.1713,17513.4
C00862,hunter,0.4238,39964.96
C00863,accidental_saver,0.1384,19214.68
C00864,sure_thing,0.0334,21092.12
C00865,hunter,0.4458,37810.88
C00866,hunter,0.4398,10251.79
C00867,hunter,0.4123,32774.16
C00868,sure_thing,0.022,11728.88
C00869,sure_thing,0.0324,24637.56
C00870,hunter,0.2561,21926.14
C00871,sure_thing,0.0491,32746.58
C00872,hunter,0.477,6309.13
C00873,sure_thing,0.0758,15032.08
C00874,accidental_saver,0.0802,39812.71
C00875,hunter,0.3613,8645.3
C00876,sure_thing,0.1255,35026.85
C00877,sure_thing,0.0751,19821.74
C00878,accidental_saver,0.1463,29482.72
C00879,accidental_saver,0.1531,32627.48
C00880,sure_thing,0.0389,17361.06
C00881,accidental_saver,0.1692,34272.75
C00882,hunter,0.2722,39778.35
C00883,accidental_saver,0.2298,17084.93
C00884,sure_thing,0.0319,27199.75
C00885,sure_thing,0.0218,26243.89
C00886,sure_thing,0.0262,34985.03
C00887,sure_thing,0.0413,11236.44
C00888,sure_thing,0.0538,28269.98
C00889,accidental_saver,0.241,22545.21
C00890,sure_thing,0.0486,31242.78
C00891,hunter,0.384,9517.46
C00892,sure_thing,0.044,38387.9
C00893,sure_thing,0.0659,27250.59
C00894,hunter,0.2589,16930.47
C00895,hunter,0.3103,22726.33
C00896,sure_thing,0.0432,11276.52
C00897,sure_thing,0.0384,19585.9
C00898,sure_thing,0.0265,21621.92
C00899,accidental_saver,0.0805,26003.43
C00900,accidental_saver,0.0945,9732.07
C00901,sure_thing,0.0474,9944.01
C00902,sure_thing,0.0528,16861.9
C00903,accidental_saver,0.1007,24893.66
C00904,hunter,0.4328,13922.13
C00905,accidental_saver,0.1802,7186.87
C00906,accidental_saver,0.0827,11362.26
C00907,sure_thing,0.0163,35411.21
C00908,sure_thing,0.0348,13657.53
C00909,sure_thing,0.083,38744.77
C00910,hunter,0.4004,10970.95
C00911,hunter,0.4046,5973.29
C00912,hunter,0.3724,12544.66
C00913,hunter,0.3831,27645.14
C00914,hunter,0.3663,14428.89
C00915,hunter,0.494,34372.41
C00916,sure_thing,0.0297,14171.6
C00917,sure_thing,0.0418,20163.13
C00918,sure_thing,0.0117,8915.08
C00919,accidental_saver,0.1352,31970.37
C00920,sure_thing,0.0395,8812.24
C00921,hunter,0.5483,32390.17
C00922,accidental_saver,0.1459,22241.69
C00923,accidental_saver,0.2072,22449.17
C00924,sure_thing,0.0409,18804.07
C00925,sure_thing,0.0249,15035.13
C00926,sure_thing,0.0622,8218.47
C00927,hunter,0.2546,7414.91
C00928,accidental_saver,0.1875,32852.04
C00929,accidental_saver,0.0425,8762.08
C00930,sure_thing,0.0137,17735.31
C00931,sure_thing,0.0535,6676.96
C00932,sure_thing,0.0109,10608.63
C00933,hunter,0.4772,37358.0
C00934,hunter,0.486,7744.88
C00935,sure_thing,0.0187,3576.28
C00936,hunter,0.612,31794.28
C00937,sure_thing,0.0699,27240.32
C00938,hunter,0.2905,4317.34
C00939,sure_thing,0.0313,34024.56
C00940,sure_thing,0.0174,37561.56
C00941,hunter,0.3897,4554.37
C00942,sure_thing,0.0383,23996.56
C00943,sure_thing,0.0263,7364.7
C00944,accidental_saver,0.1133,14790.57
C00945,sure_thing,0.0807,26118.62
C00946,accidental_saver,0.1772,35902.77
C00947,hunter,0.3485,34016.33
C00948,hunter,0.2678,5848.66
C00949,sure_thing,0.0211,28039.27
C00950,accidental_saver,0.1602,7776.98
C00951,sure_thing,0.0046,31416.38
C00952,sure_thing,0.0297,4260.74
C00953,sure_thing,0.0271,4264.75
C00954,hunter,0.3463,34069.39
C00955,hunter,0.4835,25396.77
C00956,hunter,0.4002,25484.65
C00957,accidental_saver,0.1356,3166.73
C00958,accidental_saver,0.2957,31811.89
C00959,accidental_saver,0.1392,23951.3
C00960,accidental_saver,0.1913,5172.03
C00961,accidental_saver,0.2289,19204.28
C00962,sure_thing,0.0374,28543.01
C00963,sure_thing,0.0319,29562.78
C00964,hunter,0.3466,6875.83
C00965,accidental_saver,0.1516,25944.84
C00966,hunter,0.3956,10709.95
C00967,sure_thing,0.0168,21887.27
C00968,accidental_saver,0.229,4271.79
C00969,sure_thing,0.0013,9047.5
C00970,sure_thing,0.0848,9067.99
C00971,sure_thing,0.0498,16871.62
C00972,sure_thing,0.0351,18551.27
C00973,hunter,0.4322,24475.71
C00974,sure_thing,0.0227,9648.16
C00975,accidental_saver,0.2312,7855.79
C00976,accidental_saver,0.1349,3481.3
C00977,sure_thing,0.0207,11342.19
C00978,accidental_saver,0.0902,11196.03
C00979,sure_thing,0.0338,27162.21
C00980,hunter,0.3891,19093.92
C00981,hunter,0.523,8602.81
C00982,hunter,0.4997,4514.94
C00983,accidental_saver,0.0936,12632.9
C00984,sure_thing,0.0035,5284.51
C00985,hunter,0.2648,30248.99
C00986,sure_thing,0.0314,11913.03
C00987,sure_thing,0.0469,10611.35
C00988,sure_thing,0.0441,21340.18
C00989,hunter,0.4512,10840.24
C00990,accidental_saver,0.1748,11701.18
C00991,hunter,0.2278,39646.49
C00992,hunter,0.281,33670.19
C00993,sure_thing,0.0606,38085.39
C00994,hunter,0.29,24600.23
C00995,accidental_saver,0.2216,12085.31
C00996,accidental_saver,0.0886,9034.88
C00997,sure_thing,0.0317,33464.28
C00998,hunter,0.3494,7716.04
C00999,sure_thing,0.0725,34465.12
C01000,sure_thing,0.0239,6919.84
C01001,accidental_saver,0.2642,12731.36
C01002,sure_thing,0.0672,8728.64
C01003,sure_thing,0.085,5529.97
C01004,accidental_saver,0.2337,28185.05
C01005,sure_thing,0.0181,22332.72
C01006,hunter,0.4366,15704.73
C01007,sure_thing,0.0492,14055.73
C01008,accidental_saver,0.2898,23444.39
C01009,accidental_saver,0.1497,37888.25
C01010,accidental_saver,0.1444,8493.98
C01011,accidental_saver,0.0741,15335.06
C01012,accidental_saver,0.0711,24420.79
C01013,hunter,0.5057,15243.48
C01014,sure_thing,0.0402,14674.68
C01015,sure_thing,0.0523,35210.83
C01016,accidental_saver,0.1766,39254.6
C01017,hunter,0.2191,30663.78
C01018,sure_thing,0.014,32892.44
C01019,accidental_saver,0.1359,34809.43
C01020,hunter,0.4769,10127.83
C01021,hunter,0.5546,16006.93
C01022,hunter,0.5239,39474.29
C01023,accidental_saver,0.1501,12707.82
C01024,accidental_saver,0.2382,23579.88
C01025,sure_thing,0.0764,27770.55
C01026,hunter,0.4674,28075.18
C01027,sure_thing,0.0247,32866.39
C01028,accidental_saver,0.2026,35442.59
C01029,sure_thing,0.0185,34889.58
C01030,accidental_saver,0.2165,18734.52
C01031,accidental_saver,0.0905,20704.63
C01032,accidental_saver,0.1615,9316.15
C01033,hunter,0.2909,37652.08
C01034,sure_thing,0.0162,38262.6
C01035,accidental_saver,0.0958,34382.84
C01036,sure_thing,0.0851,29134.54
C01037,sure_thing,0.0736,33834.9
C01038,accidental_saver,0.227,38456.94
C01039,sure_thing,0.0294,12660.6
C01040,sure_thing,0.0035,34015.75
C01041,accidental_saver,0.1379,12181.37
C01042,accidental_saver,0.2605,36088.05
C01043,accidental_saver,0.1512,12245.53
C01044,sure_thing,0.0342,20664.85
C01045,sure_thing,0.046,33150.6
C01046,sure_thing,0.0079,22150.57
C01047,hunter,0.4277,30989.35
C01048,hunter,0.4371,24437.04
C01049,sure_thing,0.0319,21301.03
C01050,accidental_saver,0.1521,11941.81
C01051,sure_thing,0.0406,21345.95
C01052,sure_thing,0.0122,26713.06
C01053,sure_thing,0.0526,20799.44
C01054,sure_thing,0.0128,36809.43
C01055,accidental_saver,0.1559,30357.44
C01056,hunter,0.3335,33991.55
C01057,sure_thing,0.0178,34004.18
C01058,accidental_saver,0.0623,36102.14
C01059,accidental_saver,0.1573,31029.13
C01060,hunter,0.4355,27495.35
C01061,accidental_saver,0.1043,31672.45
C01062,sure_thing,0.0757,5094.76
C01063,accidental_saver,0.1441,3560.65
C01064,sure_thing,0.085,25965.01
C01065,hunter,0.407,28458.51
C01066,sure_thing,0.0463,15556.76
C01067,accidental_saver,0.1427,23754.4
C01068,sure_thing,0.0607,9596.91
C01069,sure_thing,0.0863,34940.75
C01070,hunter,0.2924,5368.5
C01071,accidental_saver,0.1707,17370.55
C01072,accidental_saver,0.0741,38669.53
C01073,hunter,0.4102,37520.44
C01074,hunter,0.4367,23493.21
C01075,sure_thing,0.0192,18594.3
C01076,accidental_saver,0.0418,30317.67
C01077,accidental_saver,0.0537,6108.19
C01078,accidental_saver,0.1018,7019.89
C01079,sure_thing,0.0355,28835.7
C01080,sure_thing,0.0768,30030.0
C01081,hunter,0.4558,27645.51
C01082,hunter,0.4559,8240.15
C01083,hunter,0.3666,13131.88
C01084,hunter,0.1947,26730.42
C01085,hunter,0.247,31600.47
C01086,hunter,0.3889,25918.41
C01087,hunter,0.3762,10828.71
C01088,accidental_saver,0.0686,25216.88
C01089,accidental_saver,0.1714,33071.62
C01090,sure_thing,0.0516,22524.25
C01091,accidental_saver,0.2485,26994.38
C01092,sure_thing,0.0088,26845.25
C01093,sure_thing,0.0495,30453.53
C01094,accidental_saver,0.0902,15103.24
C01095,sure_thing,0.0537,39328.04
C01096,sure_thing,0.0908,9013.97
C01097,hunter,0.3048,37135.99
C01098,hunter,0.2587,15292.66
C01099,sure_thing,0.0275,7205.35
C01100,sure_thing,0.0122,34976.85
C01101,sure_thing,0.0153,6144.1
C01102,hunter,0.4484,3620.22
C01103,hunter,0.4883,27386.26
C01104,sure_thing,0.1026,30443.18
C01105,hunter,0.318,21684.71
C01106,sure_thing,0.0516,38421.32
C01107,sure_thing,0.0293,16972.26
C01108,hunter,0.4615,29215.32
C01109,sure_thing,0.0336,33155.57
C01110,sure_thing,0.0307,27040.87
C01111,sure_thing,0.0084,3208.99
C01112,accidental_saver,0.0409,22280.51
C01113,hunter,0.4354,36067.54
C01114,hunter,0.5224,5414.62
C01115,sure_thing,0.0881,30523.26
C01116,sure_thing,0.0436,14416.52
C01117,hunter,0.365,18468.6
C01118,sure_thing,0.0315,28512.3
C01119,hunter,0.4963,4490.09
C01120,accidental_saver,0.1475,26773.04
C01121,sure_thing,0.0113,31509.1
C01122,hunter,0.5452,33726.17
C01123,sure_thing,0.0439,32477.08
C01124,sure_thing,0.042,16649.98
C01125,accidental_saver,0.1947,31600.02
C01126,accidental_saver,0.2448,25385.72
C01127,accidental_saver,0.3113,36684.75
C01128,accidental_saver,0.1995,14176.53
C01129,hunter,0.4888,32089.36
C01130,hunter,0.4604,29179.65
C01131,accidental_saver,0.0458,35157.82
C01132,sure_thing,0.0503,27395.88
C01133,accidental_saver,0.2815,7209.93
C01134,hunter,0.4815,35861.78
C01135,sure_thing,0.0355,15032.3
C01136,accidental_saver,0.2487,24222.6
C01137,sure_thing,0.0277,27112.97
C01138,sure_thing,0.0417,37184.48
C01139,accidental_saver,0.0932,9481.77
C01140,sure_thing,0.0223,4712.06
C01141,hunter,0.5083,10930.22
C01142,hunter,0.2076,27066.7
C01143,hunter,0.4875,23808.96
C01144,sure_thing,0.0169,5590.37
C01145,sure_thing,0.0697,16718.28
C01146,hunter,0.4199,27981.0
C01147,hunter,0.4924,23055.09
C01148,accidental_saver,0.1326,27989.48
C01149,hunter,0.3314,13889.51
C01150,sure_thing,0.0621,9278.77
C01151,hunter,0.2878,14785.3
C01152,sure_thing,0.091,38043.77
C01153,sure_thing,0.0441,21940.72
C01154,accidental_saver,0.1858,27875.46
C01155,sure_thing,0.0021,30146.9
C01156,sure_thing,0.057,24362.07
C01157,sure_thing,0.0328,24215.09
C01158,accidental_saver,0.1726,24420.33
C01159,hunter,0.3904,27759.22
C01160,sure_thing,0.0348,30338.23
C01161,accidental_saver,0.1651,6913.53
C01162,hunter,0.5111,33447.17
C01163,sure_thing,0.0225,9298.54
C01164,sure_thing,0.0393,3353.83
C01165,hunter,0.4135,32275.42
C01166,hunter,0.3383,28910.04
C01167,accidental_saver,0.1422,10765.69
C01168,hunter,0.455,35596.04
C01169,sure_thing,0.0327,32625.18
C01170,sure_thing,0.0574,36165.58
C01171,accidental_saver,0.1178,24957.41
C01172,sure_thing,0.0691,39931.51
C01173,hunter,0.4211,7705.48
C01174,accidental_saver,0.1815,6945.83
C01175,hunter,0.3744,23479.01
C01176,accidental_saver,0.1214,12205.55
C01177,sure_thing,0.0869,3105.78
C01178,sure_thing,0.055,5831.48
C01179,sure_thing,0.0371,23087.43
C01180,hunter,0.2725,28275.65
C01181,sure_thing,0.0259,25596.54
C01182,sure_thing,0.0549,23306.14
C01183,sure_thing,0.0387,12057.84
C01184,sure_thing,0.0358,32033.08
C01185,hunter,0.5242,31607.91
C01186,sure_thing,0.0731,33395.17
C01187,hunter,0.2207,4047.87
C01188,sure_thing,0.0132,32143.91
C01189,accidental_saver,0.0982,26320.2
C01190,accidental_saver,0.1531,14173.5
C01191,sure_thing,0.0358,27474.71
C01192,hunter,0.3515,7452.82
C01193,hunter,0.3599,32077.59
C01194,hunter,0.473,17275.06
C01195,sure_thing,0.052,7389.71
C01196,sure_thing,0.0281,21146.56
C01197,accidental_saver,0.0704,4665.9
C01198,sure_thing,0.0726,3809.37
C01199,accidental_saver,0.0811,3945.9
C01200,accidental_saver,0.1252,32585.32
C01201,accidental_saver,0.1267,25276.33
C01202,hunter,0.3113,18636.57
C01203,accidental_saver,0.1364,27182.88
C01204,sure_thing,0.0824,36263.15
C01205,sure_thing,0.0572,6288.11
C01206,accidental_saver,0.1735,21161.52
C01207,accidental_saver,0.0773,37888.81
C01208,sure_thing,0.0275,6227.45
C01209,sure_thing,0.0057,38355.79
C01210,hunter,0.4704,11643.75
C01211,hunter,0.3238,35863.7
C01212,accidental_saver,0.2392,11704.62
C01213,sure_thing,0.0102,5809.58
C01214,sure_thing,0.0243,20024.97
C01215,accidental_saver,0.2426,6093.81
C01216,sure_thing,0.056,22474.74
C01217,accidental_saver,0.2577,39794.32
C01218,accidental_saver,0.2043,14249.66
C01219,sure_thing,0.0655,36325.32
C01220,sure_thing,0.0533,21771.97
C01221,sure_thing,0.0644,18879.57
C01222,hunter,0.5253,34871.4
C01223,accidental_saver,0.1299,38127.44
C01224,sure_thing,0.0744,8622.06
C01225,hunter,0.3373,39880.45
C01226,accidental_saver,0.2046,19828.61
C01227,accidental_saver,0.233,23383.04
C01228,hunter,0.5214,16976.07
C01229,sure_thing,0.0474,8212.99
C01230,sure_thing,0.0796,30483.68
C01231,accidental_saver,0.0375,25043.29
C01232,sure_thing,0.0843,9859.46
C01233,accidental_saver,0.0888,3001.87
C01234,sure_thing,0.0407,11839.12
C01235,sure_thing,0.038,34575.47
C01236,sure_thing,0.0644,3541.48
C01237,sure_thing,0.0552,9562.84
C01238,sure_thing,0.0191,27596.19
C01239,sure_thing,0.0536,37648.18
C01240,hunter,0.3341,21523.43
C01241,sure_thing,0.0314,10037.58
C01242,sure_thing,0.058,36266.44
C01243,sure_thing,0.0061,25566.71
C01244,sure_thing,0.0944,15218.6
C01245,sure_thing,0.0637,19013.35
C01246,accidental_saver,0.1251,15624.62
C01247,sure_thing,0.0171,18034.32
C01248,hunter,0.4485,39956.48
C01249,hunter,0.2218,36483.02
C01250,sure_thing,0.048,23646.02
C01251,sure_thing,0.0285,22588.32
C01252,sure_thing,0.0866,15066.2
C01253,accidental_saver,0.2055,20031.31
C01254,sure_thing,0.0014,7659.52
C01255,hunter,0.2759,15502.02
C01256,hunter,0.5309,31943.48
C01257,hunter,0.3582,23949.62
C01258,accidental_saver,0.097,7052.24
C01259,hunter,0.4648,32375.17
C01260,sure_thing,0.0287,22910.83
C01261,sure_thing,0.0304,5771.71
C01262,sure_thing,0.0543,39432.72
C01263,hunter,0.3368,26021.5
C01264,accidental_saver,0.1495,21826.95
C01265,hunter,0.4398,36569.31
C01266,sure_thing,0.03,29823.79
C01267,hunter,0.4564,9583.22
C01268,accidental_saver,0.2022,34647.2
C01269,accidental_saver,0.1238,28771.95
C01270,hunter,0.3579,8853.2
C01271,sure_thing,0.0417,21336.82
C01272,sure_thing,0.0461,6246.65
C01273,accidental_saver,0.2276,7258.31
C01274,sure_thing,0.0406,17299.86
C01275,sure_thing,0.0486,21870.37
C01276,sure_thing,0.0196,16995.25
C01277,sure_thing,0.076,21177.68
C01278,hunter,0.6024,8831.66
C01279,accidental_saver,0.2699,17439.73
C01280,sure_thing,0.0315,6804.9
C01281,sure_thing,0.0083,20082.78
C01282,accidental_saver,0.1279,39929.75
C01283,accidental_saver,0.1922,34809.47
C01284,hunter,0.2083,24840.71
C01285,hunter,0.3547,7919.24
C01286,sure_thing,0.1061,35379.78
C01287,sure_thing,0.0207,3508.26
C01288,accidental_saver,0.3147,35297.24
C01289,accidental_saver,0.1266,31707.42
C01290,accidental_saver,0.0981,6310.76
C01291,accidental_saver,0.1132,38552.6
C01292,accidental_saver,0.2062,12662.39
C01293,sure_thing,0.0706,32364.22
C01294,sure_thing,0.0319,19711.93
C01295,sure_thing,0.0092,7190.53
C01296,sure_thing,0.0265,6786.83
C01297,sure_thing,0.0836,11248.5
C01298,accidental_saver,0.2894,26397.54
C01299,sure_thing,0.0619,30126.86
C01300,sure_thing,0.0194,30710.4
C01301,accidental_saver,0.066,23990.97
C01302,hunter,0.3214,25013.06
C01303,sure_thing,0.0283,9102.94
C01304,hunter,0.4531,4686.78
C01305,hunter,0.5448,23046.52
C01306,accidental_saver,0.0869,39804.31
C01307,accidental_saver,0.1879,33639.77
C01308,sure_thing,0.0339,3615.35
C01309,hunter,0.4441,10886.94
C01310,sure_thing,0.0448,37034.12
C01311,hunter,0.2928,34829.14
C01312,accidental_saver,0.0938,13477.31
C01313,sure_thing,0.0474,38086.03
C01314,sure_thing,0.0826,10010.89
C01315,accidental_saver,0.1829,11765.48
C01316,accidental_saver,0.2344,32458.74
C01317,sure_thing,0.1101,29565.16
C01318,hunter,0.4518,5801.53
C01319,hunter,0.4325,8809.86
C01320,accidental_saver,0.1559,36122.04
C01321,accidental_saver,0.2054,33429.96
C01322,sure_thing,0.0318,32390.86
C01323,hunter,0.2944,11548.81
C01324,sure_thing,0.0507,39793.8
C01325,hunter,0.4996,24394.93
C01326,sure_thing,0.0806,16754.73
C01327,accidental_saver,0.0836,16285.17
C01328,sure_thing,0.0688,3955.78
C01329,sure_thing,0.0652,10336.06
C01330,hunter,0.4139,39214.85
C01331,accidental_saver,0.1311,3994.62
C01332,accidental_saver,0.1302,13227.27
C01333,hunter,0.4562,26037.43
C01334,hunter,0.3962,13196.32
C01335,hunter,0.4755,20993.6
C01336,sure_thing,0.0764,23903.74
C01337,accidental_saver,0.3018,12072.92
C01338,hunter,0.539,27345.04
C01339,sure_thing,0.0671,20833.58
C01340,sure_thing,0.0598,18822.96
C01341,hunter,0.3519,15899.52
C01342,accidental_saver,0.2793,32919.95
C01343,accidental_saver,0.2964,13932.89
C01344,hunter,0.6343,25448.05
C01345,accidental_saver,0.2099,21854.38
C01346,sure_thing,0.0098,26914.59
C01347,sure_thing,0.0145,3303.34
C01348,sure_thing,0.0698,18580.25
C01349,sure_thing,0.0846,38040.06
C01350,hunter,0.3672,7976.29
C01351,hunter,0.4382,25814.76
C01352,sure_thing,0.0696,24785.58
C01353,sure_thing,0.0479,34673.9
C01354,hunter,0.4753,37972.66
C01355,sure_thing,0.0387,18266.97
C01356,accidental_saver,0.162,5615.71
C01357,accidental_saver,0.0485,9624.65
C01358,accidental_saver,0.1595,9763.96
C01359,sure_thing,0.075,17268.02
C01360,accidental_saver,0.2046,22007.37
C01361,sure_thing,0.0525,37356.57
C01362,accidental_saver,0.167,23714.0
C01363,sure_thing,0.0732,17932.72
C01364,accidental_saver,0.0825,21121.54
C01365,accidental_saver,0.1416,39655.12
C01366,sure_thing,0.136,9644.26
C01367,sure_thing,0.046,38008.8
C01368,sure_thing,0.0215,18655.9
C01369,sure_thing,0.0614,12977.81
C01370,sure_thing,0.0306,17479.73
C01371,hunter,0.3651,4507.72
C01372,sure_thing,0.0532,35435.71
C01373,hunter,0.2972,34403.09
C01374,hunter,0.3029,26280.31
C01375,sure_thing,0.0236,5861.77
C01376,accidental_saver,0.1488,29311.8
C01377,hunter,0.5833,31536.4
C01378,accidental_saver,0.1105,15016.53
C01379,sure_thing,0.0679,38633.21
C01380,accidental_saver,0.0989,3209.94
C01381,sure_thing,0.0554,17580.09
C01382,accidental_saver,0.041,26417.93
C01383,hunter,0.3206,22550.01
C01384,hunter,0.4654,30858.78
C01385,sure_thing,0.0463,17605.13
C01386,accidental_saver,0.0575,37051.2
C01387,sure_thing,0.0257,15086.88
C01388,hunter,0.4717,25009.81
C01389,sure_thing,0.0407,6748.16
C01390,hunter,0.3486,35921.04
C01391,hunter,0.4768,39001.05
C01392,sure_thing,0.0286,23918.13
C01393,sure_thing,0.0247,3715.93
C01394,hunter,0.4103,29895.99
C01395,sure_thing,0.0383,19253.53
C01396,accidental_saver,0.1741,18535.35
C01397,hunter,0.4196,18504.79
C01398,accidental_saver,0.2263,37885.94
C01399,sure_thing,0.0941,21816.44
C01400,accidental_saver,0.0581,38741.29
C01401,sure_thing,0.048,13326.2
C01402,hunter,0.4801,29730.41
C01403,sure_thing,0.0163,33066.45
C01404,sure_thing,0.055,17962.41
C01405,sure_thing,0.0577,6717.13
C01406,hunter,0.3116,6727.64
C01407,sure_thing,0.0225,35890.88
C01408,hunter,0.432,4910.59
C01409,accidental_saver,0.2798,26727.21
C01410,hunter,0.3601,37258.62
C01411,hunter,0.3668,30321.53
C01412,hunter,0.3596,39648.95
C01413,hunter,0.5087,37825.94
C01414,sure_thing,0.0266,39174.8
C01415,hunter,0.4174,30358.86
C01416,accidental_saver,0.1921,38919.04
C01417,accidental_saver,0.111,13279.45
C01418,hunter,0.5306,21019.4
C01419,hunter,0.58,19633.77
C01420,accidental_saver,0.2784,24975.6
C01421,accidental_saver,0.0762,3780.23
C01422,accidental_saver,0.1715,38190.72
C01423,sure_thing,0.0666,19917.1
C01424,sure_thing,0.1017,32727.58
C01425,sure_thing,0.0398,36941.51
C01426,sure_thing,0.0416,23111.22
C01427,sure_thing,0.0421,23794.27
C01428,hunter,0.4507,37416.86
C01429,accidental_saver,0.1814,12910.77
C01430,hunter,0.4095,29625.38
C01431,accidental_saver,0.2909,8596.82
C01432,sure_thing,0.0285,32362.37
C01433,sure_thing,0.0294,39513.44
C01434,sure_thing,0.0503,23191.04
C01435,hunter,0.4841,5497.66
C01436,sure_thing,0.0532,32979.47
C01437,accidental_saver,0.2007,14699.77
C01438,hunter,0.417,31208.35
C01439,hunter,0.5777,31556.47
C01440,sure_thing,0.037,11618.15
C01441,sure_thing,0.0581,21162.6
C01442,sure_thing,0.0241,3351.19
C01443,sure_thing,0.0271,11272.88
C01444,sure_thing,0.018,39755.09
C01445,accidental_saver,0.101,27710.11
C01446,hunter,0.2844,22930.36
C01447,accidental_saver,0.153,26744.86
C01448,accidental_saver,0.1997,36435.72
C01449,sure_thing,0.0221,13301.43
C01450,hunter,0.4492,11436.13
C01451,accidental_saver,0.1476,8915.09
C01452,hunter,0.4478,36011.15
C01453,hunter,0.427,19288.61
C01454,sure_thing,0.0799,26799.45
C01455,sure_thing,0.056,35697.0
C01456,sure_thing,0.0166,3527.31
C01457,accidental_saver,0.2428,21154.81
C01458,hunter,0.3319,5201.02
C01459,sure_thing,0.0078,6455.07
C01460,hunter,0.4418,10184.93
C01461,accidental_saver,0.0449,5550.09
C01462,sure_thing,0.0166,36225.26
C01463,sure_thing,0.0041,32739.11
C01464,accidental_saver,0.1091,17810.34
C01465,accidental_saver,0.0783,15942.04
C01466,accidental_saver,0.1901,18347.56
C01467,sure_thing,0.0778,11075.38
C01468,accidental_saver,0.1506,3800.13
C01469,sure_thing,0.0514,35310.28
C01470,hunter,0.2211,7439.9
C01471,sure_thing,0.0156,4330.87
C01472,sure_thing,0.054,20911.64
C01473,accidental_saver,0.2698,8525.78
C01474,accidental_saver,0.13,15707.88
C01475,accidental_saver,0.1207,25848.28
C01476,accidental_saver,0.0975,6443.89
C01477,hunter,0.3577,27459.71
C01478,accidental_saver,0.2293,33505.75
C01479,accidental_saver,0.0877,34120.13
C01480,sure_thing,0.0656,24354.97
C01481,sure_thing,0.0354,35869.49
C01482,accidental_saver,0.1266,16823.26
C01483,sure_thing,0.0467,23288.74
C01484,accidental_saver,0.1782,25989.46
C01485,sure_thing,0.102,6647.95
C01486,hunter,0.494,33942.74
C01487,accidental_saver,0.1124,33942.45
C01488,hunter,0.495,16304.29
C01489,accidental_saver,0.1936,22680.76
C01490,sure_thing,0.0102,29667.57
C01491,hunter,0.291,21181.92
C01492,accidental_saver,0.0642,37789.04
C01493,hunter,0.4949,3113.96
C01494,sure_thing,0.0171,39202.64
C01495,accidental_saver,0.074,29448.99
C01496,hunter,0.3451,34087.06
C01497,accidental_saver,0.0817,17448.6
C01498,sure_thing,0.0303,6680.83
C01499,accidental_saver,0.3048,3308.41
C01500,accidental_saver,0.0726,20644.06
C01501,hunter,0.4393,23290.47
C01502,sure_thing,0.0777,28195.77
C01503,sure_thing,0.0325,12150.33
C01504,hunter,0.3127,29865.44
C01505,accidental_saver,0.3112,35029.18
C01506,accidental_saver,0.1631,3339.75
C01507,accidental_saver,0.2676,12069.19
C01508,sure_thing,0.0121,38013.88
C01509,hunter,0.4045,14507.89
C01510,sure_thing,0.044,27245.57
C01511,sure_thing,0.0356,12538.95
C01512,accidental_saver,0.2004,6578.03
C01513,hunter,0.4487,25739.72
C01514,hunter,0.4416,12396.56
C01515,sure_thing,0.0318,14137.44
C01516,sure_thing,0.0611,17197.93
C01517,hunter,0.5416,39806.41
C01518,sure_thing,0.0268,14396.14
C01519,sure_thing,0.061,22434.0
C01520,sure_thing,0.0589,3271.58
C01521,accidental_saver,0.2305,26024.68
C01522,hunter,0.3065,24261.85
C01523,hunter,0.3933,5248.7
C01524,accidental_saver,0.0645,3251.72
C01525,sure_thing,0.0981,35089.51
C01526,sure_thing,0.0213,25193.0
C01527,accidental_saver,0.0926,12207.05
C01528,sure_thing,0.0474,10973.53
C01529,sure_thing,0.0335,26511.82
C01530,sure_thing,0.0469,39188.28
C01531,sure_thing,0.0076,27842.7
C01532,accidental_saver,0.2466,8639.98
C01533,accidental_saver,0.1926,4559.24
C01534,sure_thing,0.0761,8997.81
C01535,accidental_saver,0.1345,29017.85
C01536,hunter,0.5525,5355.67
C01537,hunter,0.4072,12559.24
C01538,hunter,0.3416,27392.87
C01539,accidental_saver,0.1677,38314.45
C01540,hunter,0.4126,30922.12
C01541,sure_thing,0.034,31507.66
C01542,sure_thing,0.0515,21947.89
C01543,sure_thing,0.0131,12746.08
C01544,accidental_saver,0.1471,34398.49
C01545,sure_thing,0.0676,8720.12
C01546,sure_thing,0.0536,17002.39
C01547,hunter,0.3333,37689.46
C01548,sure_thing,0.0358,39158.45
C01549,sure_thing,0.0306,9786.36
C01550,sure_thing,0.0329,21128.39
C01551,accidental_saver,0.2999,26568.19
C01552,sure_thing,0.0653,13696.02
C01553,sure_thing,0.0535,14833.16
C01554,sure_thing,0.0686,18960.39
C01555,hunter,0.5357,24993.68
C01556,hunter,0.2052,29652.98
C01557,accidental_saver,0.1969,27891.35
C01558,accidental_saver,0.2068,10849.59
C01559,hunter,0.4483,11189.59
C01560,hunter,0.326,9575.99
C01561,accidental_saver,0.0383,27668.63
C01562,hunter,0.4399,25116.41
C01563,hunter,0.5321,20155.24
C01564,hunter,0.3846,8860.61
C01565,accidental_saver,0.0972,15307.45
C01566,sure_thing,0.0448,13831.63
C01567,sure_thing,0.0475,3141.0
C01568,accidental_saver,0.2012,39524.32
C01569,accidental_saver,0.0973,9074.31
C01570,sure_thing,0.0196,7363.14
C01571,accidental_saver,0.1877,36588.0
C01572,accidental_saver,0.0718,15376.91
C01573,hunter,0.2807,12486.96
C01574,sure_thing,0.1001,33251.45
C01575,sure_thing,0.0431,33686.32
C01576,hunter,0.4525,4305.13
C01577,hunter,0.5051,14156.18
C01578,hunter,0.4795,20917.22
C01579,hunter,0.5194,8207.79
C01580,hunter,0.5798,3970.89
C01581,sure_thing,0.0463,35519.15
C01582,sure_thing,0.0578,25756.34
C01583,sure_thing,0.0329,22878.92
C01584,accidental_saver,0.1223,10352.83
C01585,hunter,0.4592,30774.74
C01586,sure_thing,0.0194,22833.85
C01587,accidental_saver,0.1682,17011.29
C01588,sure_thing,0.015,29406.65
C01589,sure_thing,0.028,18487.24
C01590,sure_thing,0.0591,25419.43
C01591,sure_thing,0.0795,24696.13
C01592,hunter,0.5597,34207.4
C01593,sure_thing,0.0027,14907.16
C01594,hunter,0.4565,20019.29
C01595,accidental_saver,0.2472,21107.9
C01596,sure_thing,0.0451,38984.99
C01597,sure_thing,0.0529,28012.56
C01598,hunter,0.5179,37457.48
C01599,sure_thing,0.1156,35486.73
C01600,hunter,0.4162,19618.95
C01601,sure_thing,0.0438,8856.12
C01602,accidental_saver,0.0976,29106.45
C01603,hunter,0.3898,27200.11
C01604,sure_thing,0.052,24142.98
C01605,sure_thing,0.027,38931.36
C01606,hunter,0.4868,3404.98
C01607,sure_thing,0.0523,10553.88
C01608,sure_thing,0.0081,19561.14
C01609,accidental_saver,0.1337,25369.73
C01610,sure_thing,0.0011,30421.57
C01611,hunter,0.4329,37807.99
C01612,hunter,0.3382,7925.84
C01613,sure_thing,0.0584,23150.92
C01614,hunter,0.369,36334.78
C01615,sure_thing,0.0422,11548.41
C01616,sure_thing,0.0547,5813.72
C01617,accidental_saver,0.1051,22589.84
C01618,hunter,0.5422,10481.29
C01619,sure_thing,0.093,19824.46
C01620,sure_thing,0.0366,3401.19
C01621,accidental_saver,0.0954,14967.44
C01622,hunter,0.4626,37592.14
C01623,sure_thing,0.0455,35186.94
C01624,sure_thing,0.0417,20199.4
C01625,hunter,0.5114,33716.97
C01626,sure_thing,0.0776,8261.35
C01627,sure_thing,0.0292,14886.06
C01628,sure_thing,0.0207,7300.46
C01629,sure_thing,0.0395,15734.89
C01630,accidental_saver,0.1453,28138.03
C01631,hunter,0.384,39894.41
C01632,accidental_saver,0.0466,14732.63
C01633,accidental_saver,0.1407,20957.95
C01634,hunter,0.4402,32418.55
C01635,sure_thing,0.0204,25398.62
C01636,sure_thing,0.0353,5367.88
C01637,hunter,0.5042,15450.0
C01638,sure_thing,0.0492,27512.19
C01639,accidental_saver,0.2963,25893.02
C01640,hunter,0.5611,32716.88
C01641,sure_thing,0.0488,4429.93
C01642,accidental_saver,0.1358,20123.23
C01643,sure_thing,0.0246,12681.53
C01644,sure_thing,0.0318,36902.93
C01645,accidental_saver,0.2451,22399.14
C01646,sure_thing,0.0524,39551.46
C01647,hunter,0.313,26801.35
C01648,hunter,0.4326,31893.25
C01649,hunter,0.5422,23492.83
C01650,sure_thing,0.0645,27740.3
C01651,sure_thing,0.0742,33002.04
C01652,sure_thing,0.0054,9249.42
C01653,sure_thing,0.0536,5093.41
C01654,hunter,0.5494,3539.59
C01655,sure_thing,0.0126,7242.78
C01656,sure_thing,0.0804,36180.64
C01657,hunter,0.3138,18430.96
C01658,sure_thing,0.0266,26090.69
C01659,sure_thing,0.0303,37786.12
C01660,sure_thing,0.0109,8534.58
C01661,accidental_saver,0.1729,16170.39
C01662,hunter,0.3884,39917.79
C01663,sure_thing,0.0577,19007.28
C01664,hunter,0.3378,3704.27
C01665,hunter,0.4117,20142.55
C01666,hunter,0.3736,37467.47
C01667,sure_thing,0.0331,11528.19
C01668,sure_thing,0.0599,12874.79
C01669,hunter,0.4336,38684.24
C01670,sure_thing,0.0472,11198.18
C01671,accidental_saver,0.076,10285.82
C01672,hunter,0.3507,17625.53
C01673,sure_thing,0.0715,30114.62
C01674,hunter,0.4785,11982.87
C01675,hunter,0.3453,15036.55
C01676,accidental_saver,0.2548,31863.13
C01677,accidental_saver,0.141,38089.83
C01678,hunter,0.3558,34198.81
C01679,accidental_saver,0.2105,36130.43
C01680,hunter,0.3997,14922.51
C01681,hunter,0.4009,36506.53
C01682,hunter,0.5005,14468.87
C01683,sure_thing,0.0349,22641.1
C01684,sure_thing,0.0061,21675.21
C01685,sure_thing,0.0682,14919.13
C01686,accidental_saver,0.0367,21256.96
C01687,accidental_saver,0.102,25295.65
C01688,accidental_saver,0.261,6417.42
C01689,sure_thing,0.0509,17126.69
C01690,hunter,0.4723,25057.44
C01691,hunter,0.4619,11828.3
C01692,sure_thing,0.0293,26327.42
C01693,accidental_saver,0.0661,13557.69
C01694,accidental_saver,0.0384,39894.4
C01695,accidental_saver,0.1285,14503.62
C01696,sure_thing,0.0501,7834.31
C01697,hunter,0.5252,30338.1
C01698,hunter,0.4565,20774.09
C01699,accidental_saver,0.2443,5716.86
C01700,hunter,0.4997,35746.57
C01701,hunter,0.3427,4588.35
C01702,sure_thing,0.0436,6377.79
C01703,accidental_saver,0.0461,25270.16
C01704,accidental_saver,0.1528,21032.57
C01705,hunter,0.3918,7598.18
C01706,sure_thing,0.049,10574.15
C01707,sure_thing,0.0635,21239.2
C01708,hunter,0.4675,21385.33
C01709,sure_thing,0.0147,22689.46
C01710,hunter,0.386,31527.77
C01711,sure_thing,0.0506,3411.3
C01712,hunter,0.5484,7013.97
C01713,hunter,0.2926,26290.27
C01714,sure_thing,0.0274,15395.59
C01715,hunter,0.374,15712.5
C01716,sure_thing,0.0112,31697.35
C01717,accidental_saver,0.0871,18759.49
C01718,accidental_saver,0.1162,7296.16
C01719,hunter,0.4472,32628.64
C01720,sure_thing,0.061,19778.04
C01721,sure_thing,0.0752,29891.94
C01722,accidental_saver,0.1056,8301.42
C01723,accidental_saver,0.1852,10758.99
C01724,accidental_saver,0.0624,36430.99
C01725,sure_thing,0.1,35851.56
C01726,sure_thing,0.0474,37607.79
C01727,hunter,0.58,3686.53
C01728,sure_thing,0.0455,12995.99
C01729,sure_thing,0.0308,31114.83
C01730,hunter,0.376,22574.08
C01731,sure_thing,0.0109,7148.28
C01732,hunter,0.3985,26257.23
C01733,sure_thing,0.0136,6067.47
C01734,hunter,0.4809,5839.31
C01735,hunter,0.5601,20994.06
C01736,hunter,0.577,26419.24
C01737,sure_thing,0.1238,38398.58
C01738,accidental_saver,0.0443,21096.64
C01739,hunter,0.3769,15370.26
C01740,sure_thing,0.0089,29328.38
C01741,sure_thing,0.0339,11096.28
C01742,sure_thing,0.0773,7562.2
C01743,hunter,0.3319,33379.53
C01744,accidental_saver,0.1925,9163.54
C01745,accidental_saver,0.2091,11532.41
C01746,hunter,0.3011,13818.63
C01747,accidental_saver,0.2445,30995.77
C01748,accidental_saver,0.0649,34040.74
C01749,accidental_saver,0.3072,24659.19
C01750,accidental_saver,0.2061,4030.53
C01751,sure_thing,0.054,36824.44
C01752,hunter,0.4338,26001.63
C01753,hunter,0.4282,28745.55
C01754,sure_thing,0.0517,15747.52
C01755,accidental_saver,0.194,31027.01
C01756,sure_thing,0.0441,8753.63
C01757,hunter,0.5118,33012.38
C01758,hunter,0.2978,36429.06
C01759,hunter,0.4479,15699.85
C01760,sure_thing,0.0698,4352.4
C01761,sure_thing,0.0881,15492.99
C01762,sure_thing,0.0437,32171.26
C01763,sure_thing,0.0554,26123.11
C01764,sure_thing,0.0051,16053.67
C01765,sure_thing,0.0472,35198.62
C01766,hunter,0.4535,21905.07
C01767,sure_thing,0.0586,7883.94
C01768,sure_thing,0.0448,29657.78
C01769,hunter,0.4469,29654.0
C01770,accidental_saver,0.1393,28764.25
C01771,hunter,0.2725,6903.82
C01772,accidental_saver,0.1279,18435.92
C01773,hunter,0.329,27048.45
C01774,accidental_saver,0.0459,20726.28
C01775,accidental_saver,0.1497,32335.52
C01776,accidental_saver,0.1678,26673.21
C01777,accidental_saver,0.1035,24862.45
C01778,sure_thing,0.0181,25789.62
C01779,accidental_saver,0.1271,31272.85
C01780,sure_thing,0.0328,39520.68
C01781,hunter,0.531,30893.39
C01782,sure_thing,0.0381,13891.21
C01783,sure_thing,0.0903,14539.8
C01784,sure_thing,0.0364,11795.22
C01785,hunter,0.4394,3153.5
C01786,sure_thing,0.0097,5985.67
C01787,accidental_saver,0.0668,26183.85
C01788,hunter,0.4316,19058.7
C01789,sure_thing,0.0621,12367.62
C01790,hunter,0.5343,11648.91
C01791,sure_thing,0.0339,12776.59
C01792,sure_thing,0.0024,22243.65
C01793,accidental_saver,0.0846,15250.44
C01794,hunter,0.3665,18676.19
C01795,sure_thing,0.0644,3825.41
C01796,accidental_saver,0.0798,30405.93
C01797,sure_thing,0.0839,27112.63
C01798,accidental_saver,0.1722,37626.46
C01799,accidental_saver,0.1401,13159.74
C01800,accidental_saver,0.2325,33956.44
C01801,accidental_saver,0.1729,16188.4
C01802,sure_thing,0.0908,16806.78
C01803,accidental_saver,0.0896,17104.74
C01804,accidental_saver,0.2091,10998.86
C01805,accidental_saver,0.1175,35697.08
C01806,sure_thing,0.0594,27654.21
C01807,accidental_saver,0.166,38576.96
C01808,sure_thing,0.034,28121.43
C01809,sure_thing,0.0317,33730.44
C01810,sure_thing,0.0121,28100.01
C01811,accidental_saver,0.1091,20042.87
C01812,hunter,0.348,6871.89
C01813,sure_thing,0.0317,32691.92
C01814,hunter,0.3946,30099.03
C01815,accidental_saver,0.1868,6438.56
C01816,hunter,0.4439,5533.24
C01817,accidental_saver,0.0892,24341.08
C01818,accidental_saver,0.0494,36768.16
C01819,accidental_saver,0.1275,4071.66
C01820,hunter,0.3375,31846.91
C01821,accidental_saver,0.1134,3277.27
C01822,accidental_saver,0.1793,37988.72
C01823,accidental_saver,0.0464,8936.05
C01824,accidental_saver,0.0712,26751.91
C01825,sure_thing,0.0105,19408.97
C01826,accidental_saver,0.1266,31521.94
C01827,accidental_saver,0.2322,31618.66
C01828,hunter,0.4977,39430.79
C01829,accidental_saver,0.1906,37269.35
C01830,accidental_saver,0.14,25641.13
C01831,hunter,0.4443,5116.06
C01832,accidental_saver,0.1632,6630.34
C01833,sure_thing,0.0168,28410.62
C01834,sure_thing,0.0895,7502.15
C01835,sure_thing,0.0414,3626.11
C01836,sure_thing,0.0096,3006.33
C01837,accidental_saver,0.1158,33984.9
C01838,hunter,0.462,20829.57
C01839,accidental_saver,0.1604,34345.92
C01840,sure_thing,0.025,14117.75
C01841,accidental_saver,0.1067,13997.7
C01842,sure_thing,0.0246,26585.81
C01843,hunter,0.3835,14654.13
C01844,sure_thing,0.1023,28202.06
C01845,accidental_saver,0.0776,31073.84
C01846,sure_thing,0.0126,9427.47
C01847,accidental_saver,0.0854,31096.78
C01848,sure_thing,0.0729,24531.12
C01849,hunter,0.3316,7697.2
C01850,sure_thing,0.039,35421.69
C01851,hunter,0.2202,29120.78
C01852,accidental_saver,0.0459,8077.93
C01853,hunter,0.4314,32058.26
C01854,hunter,0.4811,19213.88
C01855,hunter,0.4843,4636.34
C01856,sure_thing,0.0334,19197.26
C01857,sure_thing,0.0798,25815.86
C01858,sure_thing,0.058,29962.86
C01859,sure_thing,0.0517,5663.47
C01860,accidental_saver,0.0327,13088.49
C01861,hunter,0.2727,11034.65
C01862,hunter,0.4625,20109.04
C01863,accidental_saver,0.0914,10449.5
C01864,accidental_saver,0.1764,7150.56
C01865,hunter,0.466,16531.4
C01866,hunter,0.4524,29290.09
C01867,sure_thing,0.1047,11368.32
C01868,accidental_saver,0.1553,31023.78
C01869,hunter,0.6012,34721.08
C01870,sure_thing,0.0324,38956.47
C01871,accidental_saver,0.0448,20565.87
C01872,hunter,0.3793,14127.79
C01873,hunter,0.3391,17900.58
C01874,hunter,0.3275,27139.85
C01875,hunter,0.3381,35735.78
C01876,sure_thing,0.0048,18415.13
C01877,sure_thing,0.0857,31443.33
C01878,accidental_saver,0.2199,39179.56
C01879,accidental_saver,0.0561,24645.58
C01880,accidental_saver,0.1735,11178.16
C01881,accidental_saver,0.0763,16955.57
C01882,sure_thing,0.0513,29066.1
C01883,hunter,0.4662,10737.89
C01884,sure_thing,0.017,36206.25
C01885,sure_thing,0.0501,5560.95
C01886,sure_thing,0.0192,34716.96
C01887,sure_thing,0.0481,36838.56
C01888,hunter,0.4435,12937.09
C01889,accidental_saver,0.0629,3406.21
C01890,sure_thing,0.0663,22093.78
C01891,hunter,0.3733,8821.81
C01892,accidental_saver,0.2131,5954.81
C01893,sure_thing,0.0175,32316.12
C01894,sure_thing,0.038,9252.69
C01895,sure_thing,0.0132,22122.12
C01896,accidental_saver,0.1772,19062.56
C01897,sure_thing,0.0428,29396.39
C01898,sure_thing,0.1069,34011.52
C01899,sure_thing,0.0793,29448.75
C01900,accidental_saver,0.1225,7483.54
C01901,sure_thing,0.0596,38808.42
C01902,hunter,0.4455,21688.96
C01903,sure_thing,0.0698,17788.23
C01904,accidental_saver,0.0357,6925.79
C01905,accidental_saver,0.2275,24044.57
C01906,accidental_saver,0.2366,26511.56
C01907,sure_thing,0.0372,12512.77
C01908,hunter,0.3864,27297.23
C01909,hunter,0.3381,9469.03
C01910,sure_thing,0.0811,26955.77
C01911,sure_thing,0.0302,15766.66
C01912,hunter,0.4182,32943.18
C01913,accidental_saver,0.0493,12275.65
C01914,sure_thing,0.0923,3627.54
C01915,sure_thing,0.0304,10902.53
C01916,accidental_saver,0.1442,5490.78
C01917,accidental_saver,0.129,36987.86
C01918,accidental_saver,0.0887,10838.65
C01919,hunter,0.4818,17054.95
C01920,accidental_saver,0.1166,10586.63
C01921,sure_thing,0.0179,30833.53
C01922,accidental_saver,0.3124,38807.64
C01923,sure_thing,0.0309,14834.38
C01924,sure_thing,0.0338,8538.17
C01925,sure_thing,0.041,38062.1
C01926,sure_thing,0.042,3329.57
C01927,accidental_saver,0.245,11771.66
C01928,sure_thing,0.0102,29638.48
C01929,accidental_saver,0.0597,21729.8
C01930,accidental_saver,0.1675,19540.43
C01931,accidental_saver,0.2788,23278.15
C01932,hunter,0.3955,18018.22
C01933,hunter,0.5226,28480.8
C01934,accidental_saver,0.1041,8130.44
C01935,sure_thing,0.0333,27679.78
C01936,accidental_saver,0.1108,22329.74
C01937,accidental_saver,0.1266,14636.92
C01938,sure_thing,0.0423,7512.79
C01939,sure_thing,0.011,8902.47
C01940,sure_thing,0.0237,26735.61
C01941,accidental_saver,0.1013,6787.95
C01942,sure_thing,0.0359,23564.16
C01943,sure_thing,0.0633,39533.15
C01944,hunter,0.3415,15212.72
C01945,hunter,0.4279,21903.57
C01946,sure_thing,0.0792,18593.69
C01947,hunter,0.5218,29516.74
C01948,sure_thing,0.0017,37374.33
C01949,hunter,0.4392,4723.33
C01950,hunter,0.4684,20688.48
C01951,sure_thing,0.0161,16265.06
C01952,hunter,0.3227,30581.46
C01953,hunter,0.2292,8517.57
C01954,hunter,0.4836,31626.59
C01955,hunter,0.4188,23988.81
C01956,accidental_saver,0.2102,21224.31
C01957,sure_thing,0.0222,8473.81
C01958,hunter,0.3844,27305.64
C01959,accidental_saver,0.0921,16853.87
C01960,accidental_saver,0.1342,14860.28
C01961,sure_thing,0.0796,6685.88
C01962,accidental_saver,0.1698,5466.95
C01963,sure_thing,0.0249,7013.6
C01964,accidental_saver,0.063,5920.2
C01965,sure_thing,0.0297,29785.72
C01966,accidental_saver,0.1414,14579.54
C01967,hunter,0.368,30668.24
C01968,accidental_saver,0.0652,32753.02
C01969,accidental_saver,0.2583,5695.69
C01970,sure_thing,0.0392,36068.84
C01971,hunter,0.4603,33304.86
C01972,accidental_saver,0.134,34853.2
C01973,sure_thing,0.0232,13794.1
C01974,sure_thing,0.0224,12239.1
C01975,sure_thing,0.041,3851.33
C01976,accidental_saver,0.0556,4680.76
C01977,hunter,0.3262,31075.92
C01978,accidental_saver,0.0786,11485.89
C01979,sure_thing,0.0338,12334.64
C01980,hunter,0.4157,39709.78
C01981,sure_thing,0.049,8285.48
C01982,hunter,0.4959,22715.71
C01983,sure_thing,0.0721,36978.23
C01984,accidental_saver,0.1259,27400.83
C01985,hunter,0.4969,20036.67
C01986,sure_thing,0.0372,11379.74
C01987,accidental_saver,0.1602,13501.19
C01988,hunter,0.43,16583.46
C01989,sure_thing,0.0635,6119.3
C01990,sure_thing,0.073,34461.64
C01991,accidental_saver,0.1567,6055.67
C01992,sure_thing,0.0176,8962.3
C01993,sure_thing,0.0642,33495.96
C01994,accidental_saver,0.0614,32394.57
C01995,hunter,0.4934,30093.59
C01996,sure_thing,0.0184,23254.15
C01997,sure_thing,0.0531,26147.39
C01998,hunter,0.5329,31708.34
C01999,accidental_saver,0.2038,10719.38
