customer_id,city_tier,gender,age,signup_tenure_weeks,historical_ltv_rs
C00000,T3,F,23,14,13603.97
C00001,T1,F,46,12,3509.76
C00002,T2,M,18,88,6710.63
C00003,T1,F,54,102,4566.81
C00004,T1,M,49,16,20570.44
C00005,T2,NB,54,27,21668.17
C00006,T2,M,24,42,10406.79
C00007,T1,M,21,88,24162.17
C00008,T1,F,45,94,25441.69
C00009,T2,F,30,2,37323.73
C00010,T1,M,25,101,15133.18
C00011,T3,M,19,80,31296.0
C00012,T1,F,21,4,27280.5
C00013,T1,M,42,47,12812.9
C00014,T2,M,36,39,8616.66
C00015,T3,F,24,15,22479.02
C00016,T1,F,44,19,5498.51
C00017,T3,F,30,74,19378.27
C00018,T1,M,52,34,19740.66
C00019,,M,31,61,6478.78
C00020,T2,M,35,38,12418.32
C00021,T1,F,46,28,22313.26
C00022,T3,F,19,14,30806.22
C00023,T3,,50,11,11001.96
C00024,T2,F,44,79,10392.41
C00025,,M,51,1,29991.32
C00026,T1,F,33,64,5913.5
C00027,T3,M,53,7,17921.12
C00028,T2,F,39,32,18850.53
C00029,T1,M,18,75,5456.74
C00030,T3,F,38,92,21524.45
C00031,T3,M,48,44,16563.5
C00032,T2,M,50,47,34363.66
C00033,,M,43,88,30974.79
C00034,T1,F,26,82,30863.71
C00035,T1,M,43,21,21023.27
C00036,T1,M,23,93,29850.94
C00037,T2,F,29,7,27580.76
C00038,T2,M,35,42,24570.2
C00039,T2,M,40,87,35300.53
C00040,T3,M,44,46,34972.01
C00041,T1,M,52,98,15517.3
C00042,T2,M,53,96,35695.65
C00043,T1,M,53,88,37793.0
C00044,T1,F,31,16,11387.85
C00045,T2,F,23,98,26357.58
C00046,T2,M,47,53,21766.03
C00047,T1,F,38,79,13553.18
C00048,T2,F,43,63,17654.41
C00049,T2,F,48,27,34781.75
C00050,T2,M,21,42,31403.46
C00051,T2,F,53,54,30878.04
C00052,T2,F,29,80,13032.1
C00053,T3,F,26,16,23733.83
C00054,T3,M,26,48,10743.26
C00055,T3,F,50,1,34314.69
C00056,T3,M,46,24,34105.76
C00057,T3,F,39,59,17749.86
C00058,T2,F,28,16,24559.25
C00059,T2,NB,32,52,9137.04
C00060,T2,F,18,49,36021.92
C00061,T1,F,49,55,3449.21
C00062,T1,M,23,41,36037.48
C00063,T2,F,37,102,34243.12
C00064,T1,,53,24,29788.45
C00065,T2,F,37,64,14683.29
C00066,T3,F,23,6,30901.35
C00067,T1,M,41,79,28413.43
C00068,T2,F,37,65,16071.71
C00069,T2,F,27,83,9132.86
C00070,T1,F,45,30,28128.38
C00071,T1,M,45,57,33577.19
C00072,T1,M,46,26,10748.81
C00073,T2,F,48,29,27452.12
C00074,T1,M,42,58,37436.31
C00075,T1,F,28,56,8989.17
C00076,T1,M,25,16,39307.23
C00077,T1,F,33,32,39891.55
C00078,T2,F,23,70,19881.15
C00079,,F,40,7,24822.23
C00080,T1,M,50,76,6177.79
C00081,T1,M,37,83,38434.66
C00082,T2,,23,34,36818.74
C00083,T2,F,54,19,20357.94
C00084,T2,F,44,86,6681.86
C00085,T1,F,23,32,23311.32
C00086,T1,F,39,8,31653.46
C00087,T3,M,50,74,38081.46
C00088,T2,F,23,1,16985.58
C00089,T2,,29,19,26515.03
C00090,T3,M,41,22,6609.15
C00091,T1,M,23,26,35663.95
C00092,,F,37,75,35156.4
C00093,T1,F,42,56,10594.61
C00094,,M,29,64,9287.8
C00095,T2,M,18,97,14166.35
C00096,T1,M,28,95,15256.29
C00097,T2,F,37,11,4589.43
C00098,T2,M,24,28,26661.29
C00099,T2,M,35,35,5598.63
C00100,T1,M,40,7,5835.63
C00101,,M,24,72,21767.66
C00102,T1,M,39,30,10216.09
C00103,T2,F,23,32,36917.17
C00104,T1,F,53,82,24837.89
C00105,T1,M,46,82,28055.51
C00106,T2,M,34,99,13539.99
C00107,T1,F,38,64,20485.22
C00108,T3,F,25,5,5934.73
C00109,T1,F,53,33,26741.43
C00110,T1,M,19,29,6486.5
C00111,T2,F,44,25,38752.98
C00112,T1,F,30,5,5289.76
C00113,T2,F,28,90,6165.63
C00114,T2,F,50,53,11252.34
C00115,T2,F,50,20,33405.6
C00116,T2,M,37,12,4432.74
C00117,T2,F,29,89,14643.9
C00118,,M,40,38,18700.45
C00119,T3,M,38,71,23312.19
C00120,,F,49,8,7076.29
C00121,T3,M,48,91,6730.02
C00122,T1,M,20,88,34848.4
C00123,T1,F,52,19,39430.47
C00124,T2,M,50,38,35521.85
C00125,T2,,18,17,31944.51
C00126,,F,54,10,25929.44
C00127,T2,M,47,86,36634.89
C00128,T2,F,45,82,21439.86
C00129,T3,M,33,88,18319.02
C00130,T2,F,43,63,39553.74
C00131,T2,F,49,12,17094.79
C00132,,,18,49,9082.01
C00133,T1,M,38,15,20425.23
C00134,T2,M,19,83,21436.33
C00135,T3,F,54,2,33976.46
C00136,T1,M,44,77,5727.35
C00137,T3,M,35,46,15138.63
C00138,T3,M,27,14,21544.74
C00139,T1,F,42,2,25294.6
C00140,T2,F,32,69,23744.16
C00141,T3,M,33,59,11015.88
C00142,T1,M,26,41,12141.5
C00143,T1,F,23,56,10868.96
C00144,T1,F,50,38,25600.51
C00145,T2,M,19,103,21020.68
C00146,,M,33,82,30822.17
C00147,T3,F,37,7,8664.71
C00148,T3,F,45,40,32666.67
C00149,T2,F,40,26,29255.92
C00150,T1,F,27,82,10814.17
C00151,T1,M,49,9,21926.65
C00152,T1,M,24,42,12201.54
C00153,T2,F,42,85,32319.73
C00154,T1,F,52,71,38528.36
C00155,T1,F,38,67,31799.34
C00156,,F,47,65,37620.29
C00157,T2,F,33,83,31435.13
C00158,T1,F,40,50,25974.1
C00159,T1,F,28,53,25500.77
C00160,T2,M,34,63,11135.93
C00161,T1,M,30,29,12523.34
C00162,T1,M,23,99,3739.26
C00163,,F,48,96,12426.58
C00164,T2,M,32,45,32980.78
C00165,T2,M,48,90,17295.84
C00166,T2,F,50,7,23722.13
C00167,T2,,40,52,12751.34
C00168,T1,F,40,34,6371.86
C00169,T2,NB,22,98,6922.09
C00170,T1,M,36,8,38292.45
C00171,T1,F,31,9,19317.69
C00172,T2,M,54,75,14972.22
C00173,T1,F,33,25,22920.56
C00174,T1,F,52,27,12272.53
C00175,T1,F,34,68,27528.1
C00176,T2,F,32,55,33397.54
C00177,T1,M,21,74,38135.31
C00178,T1,F,32,77,8977.38
C00179,T3,F,40,44,9468.3
C00180,T2,M,28,49,37159.27
C00181,T3,M,25,34,24869.87
C00182,T2,F,51,6,36867.08
C00183,T3,F,53,33,20891.35
C00184,T1,F,35,66,26192.2
C00185,T3,M,18,55,4238.89
C00186,T2,M,27,49,24492.24
C00187,T2,M,24,66,12208.55
C00188,T2,F,28,36,39476.57
C00189,T2,M,51,14,5575.61
C00190,T1,M,22,93,10586.87
C00191,T1,M,46,73,16197.63
C00192,T1,M,43,77,8654.09
C00193,T1,,35,76,31600.89
C00194,T3,F,35,44,34616.12
C00195,T1,M,49,4,20211.22
C00196,T3,F,36,58,31006.64
C00197,T3,M,54,37,25774.12
C00198,T3,M,21,79,32954.43
C00199,T2,M,44,2,7648.13
C00200,T3,,48,46,37586.01
C00201,T2,F,29,7,30433.53
C00202,T2,,20,99,21917.0
C00203,T3,F,38,19,5528.87
C00204,T1,F,45,96,39215.92
C00205,T1,M,52,61,9278.79
C00206,T1,F,35,52,8707.01
C00207,T2,M,34,78,8809.42
C00208,T2,F,52,78,16737.38
C00209,,,24,70,14283.35
C00210,T1,M,53,32,36372.32
C00211,T1,M,29,16,36743.54
C00212,T1,F,51,69,22535.25
C00213,T2,M,30,90,9124.67
C00214,,F,23,39,11799.91
C00215,T1,F,24,12,13670.31
C00216,T1,F,35,10,3697.51
C00217,T2,M,45,61,22082.02
C00218,T1,M,27,99,34470.79
C00219,T2,F,49,50,21616.88
C00220,T1,M,36,73,12333.28
C00221,T2,F,37,75,3905.89
C00222,T1,,45,66,24307.46
C00223,T1,F,39,8,28082.43
C00224,T2,M,41,90,30003.3
C00225,T1,F,41,102,27112.85
C00226,T3,M,29,84,13610.65
C00227,T3,M,41,65,34430.09
C00228,T1,M,41,7,9506.44
C00229,T1,M,45,32,20157.07
C00230,T3,F,39,85,19826.46
C00231,T3,M,54,4,13406.1
C00232,T3,F,19,80,15871.21
C00233,T1,M,32,69,17807.84
C00234,T1,M,22,52,9192.22
C00235,T1,M,33,47,23093.47
C00236,T1,F,33,13,11757.01
C00237,T2,F,31,30,5648.73
C00238,T1,F,31,22,18359.46
C00239,T3,M,37,68,24076.87
C00240,,M,35,9,13199.62
C00241,T3,M,29,15,21170.03
C00242,T1,F,38,45,10722.89
C00243,T2,F,39,90,37802.61
C00244,T2,F,31,73,18217.39
C00245,T2,M,43,70,5726.75
C00246,T1,M,39,15,27268.87
C00247,T1,F,53,64,13312.28
C00248,T1,M,51,66,19036.53
C00249,T1,M,32,96,25298.58
C00250,T2,M,35,46,12942.46
C00251,T3,F,28,15,24170.04
C00252,T2,M,20,84,30706.6
C00253,T3,F,30,34,13607.6
C00254,T1,F,37,20,34758.68
C00255,T2,M,42,30,11802.67
C00256,T2,M,20,51,12016.78
C00257,T2,F,20,95,18243.06
C00258,T1,M,25,35,26424.91
C00259,T2,M,40,99,16067.95
C00260,T1,F,49,73,17905.06
C00261,T1,M,36,62,34077.56
C00262,T1,,22,1,34510.75
C00263,T1,M,46,19,17724.17
C00264,T3,F,46,13,33222.34
C00265,T1,F,29,30,26072.28
C00266,T2,M,32,51,8531.93
C00267,T1,M,33,78,13747.4
C00268,T2,F,54,89,23840.48
C00269,T1,M,36,44,30874.64
C00270,T1,M,21,45,23509.03
C00271,T3,M,24,38,21501.34
C00272,T2,M,29,86,36148.43
C00273,T2,,20,44,24812.63
C00274,T2,M,29,77,7593.55
C00275,,M,18,52,22547.63
C00276,,F,29,59,25511.42
C00277,T2,M,45,72,9298.52
C00278,T1,M,23,100,36706.48
C00279,T1,M,38,45,19364.45
C00280,T3,F,39,65,9813.19
C00281,T1,F,35,43,6808.74
C00282,T3,M,48,44,10178.0
C00283,T1,F,50,49,35383.95
C00284,T2,F,30,32,39487.97
C00285,T1,F,30,41,31208.87
C00286,T2,M,24,2,26392.49
C00287,T1,M,30,9,18054.78
C00288,T1,F,46,46,15720.84
C00289,T3,M,42,91,4566.56
C00290,T2,F,33,78,27336.98
C00291,T2,M,41,82,35726.43
C00292,T1,,39,62,27057.85
C00293,T1,M,46,6,6181.96
C00294,T3,M,29,33,15050.71
C00295,T1,M,44,78,33270.18
C00296,,M,26,5,17237.4
C00297,T3,F,18,37,19387.82
C00298,T1,F,23,17,30334.1
C00299,,F,48,93,37471.27
C00300,T2,F,28,6,32961.46
C00301,T1,M,25,95,19685.14
C00302,T3,M,41,43,30597.75
C00303,T1,,29,57,9334.58
C00304,T3,F,21,49,15103.15
C00305,T2,F,27,6,36864.09
C00306,T1,M,26,63,16667.44
C00307,T2,F,53,14,13650.87
C00308,T1,M,27,96,16462.33
C00309,T1,M,50,71,34920.89
C00310,T3,M,53,74,29518.38
C00311,T2,,39,95,26443.34
C00312,T1,F,33,58,5129.57
C00313,T1,M,41,9,25406.89
C00314,T1,F,21,7,14235.36
C00315,T2,F,44,18,32487.94
C00316,T1,F,24,38,13683.42
C00317,,M,19,22,28753.52
C00318,T3,F,38,60,24388.25
C00319,T2,,46,8,10225.26
C00320,T3,F,28,69,4987.47
C00321,T2,M,40,64,31573.89
C00322,T3,F,21,35,5536.72
C00323,T3,F,23,71,36139.87
C00324,T2,F,41,38,5502.66
C00325,T2,M,30,63,8286.18
C00326,T2,M,35,87,16007.7
C00327,,F,40,38,6242.05
C00328,T2,F,54,48,33339.63
C00329,T2,M,42,83,31130.19
C00330,T1,M,41,70,29511.99
C00331,T2,M,49,47,8861.31
C00332,T1,F,26,10,35337.69
C00333,T1,F,35,91,6703.9
C00334,T1,F,34,58,12340.7
C00335,T1,M,44,63,13708.4
C00336,T1,M,25,24,32052.63
C00337,T3,F,53,56,4019.26
C00338,,F,49,85,35611.38
C00339,T1,M,38,62,32523.56
C00340,T2,F,38,76,35465.76
C00341,T1,M,41,68,33932.97
C00342,T1,F,42,94,19862.41
C00343,T1,M,20,17,21409.71
C00344,T2,F,32,49,38852.7
C00345,T2,M,41,69,16549.08
C00346,T2,M,51,79,33189.45
C00347,T2,F,21,89,31122.54
C00348,T1,NB,45,54,7918.26
C00349,T3,M,27,13,3763.47
C00350,T2,NB,18,81,17365.57
C00351,T2,M,31,4,7964.25
C00352,T1,F,30,82,13685.64
C00353,T3,M,50,8,34677.85
C00354,T3,F,26,71,7309.78
C00355,T2,M,38,88,33900.98
C00356,T2,F,32,58,31218.82
C00357,T2,M,27,33,12064.29
C00358,T2,F,30,68,9777.68
C00359,T2,M,45,95,30128.57
C00360,T1,,19,32,28505.46
C00361,T2,F,42,102,18716.03
C00362,T2,,33,101,33021.1
C00363,T2,M,50,21,20980.87
C00364,T3,M,36,30,28062.12
C00365,T2,M,28,17,22735.36
C00366,T2,F,36,16,19733.11
C00367,T2,F,21,87,23938.85
C00368,T1,M,53,18,10574.64
C00369,T1,F,34,15,5009.48
C00370,,M,40,62,3955.23
C00371,T1,M,27,103,23746.97
C00372,T3,M,22,82,32766.29
C00373,T2,F,44,47,15927.67
C00374,T2,F,50,51,25212.08
C00375,T1,M,39,47,38431.66
C00376,T1,F,54,94,35589.71
C00377,T2,F,46,41,13123.44
C00378,T2,M,41,45,10609.68
C00379,T1,M,50,53,35263.62
C00380,T1,M,38,65,14797.94
C00381,T2,M,23,9,10203.22
C00382,T1,F,37,56,8826.87
C00383,T2,M,46,30,17614.86
C00384,T3,F,50,33,34610.25
C00385,T1,F,43,38,13926.6
C00386,T2,F,52,24,30337.19
C00387,T2,F,50,79,24032.18
C00388,T3,F,18,101,35874.64
C00389,T2,M,23,68,20465.39
C00390,T3,F,27,5,24784.06
C00391,T1,M,45,36,38852.07
C00392,,M,29,31,39718.18
C00393,T2,F,24,26,37150.7
C00394,T2,F,49,96,8917.32
C00395,T2,F,40,46,28542.26
C00396,T2,F,40,21,31031.73
C00397,T1,M,19,100,34962.4
C00398,T3,M,27,9,3644.73
C00399,T3,M,36,74,12494.82
C00400,T3,M,27,26,18832.81
C00401,T2,F,42,60,32321.27
C00402,T1,F,25,10,5663.84
C00403,T2,M,22,62,38475.28
C00404,T3,M,44,8,34256.41
C00405,T1,M,21,48,27439.68
C00406,T3,M,38,80,36017.95
C00407,T2,F,35,101,7528.62
C00408,T1,F,49,4,34049.32
C00409,T2,M,19,41,4279.15
C00410,T3,M,21,95,32322.93
C00411,T1,F,46,47,28601.09
C00412,T1,M,50,100,24870.06
C00413,T2,M,21,61,20193.4
C00414,T2,F,32,31,27248.13
C00415,T2,F,23,66,23554.35
C00416,T2,F,32,79,38151.97
C00417,T1,F,39,20,7569.73
C00418,T2,F,18,10,21275.08
C00419,T1,F,44,73,39652.12
C00420,T1,F,54,48,8161.84
C00421,T1,M,35,55,16116.97
C00422,T2,F,30,98,15144.91
C00423,T3,M,44,28,25518.71
C00424,T1,,52,90,38056.53
C00425,T3,NB,42,39,30642.38
C00426,T1,M,45,48,15352.44
C00427,T1,F,43,67,29149.7
C00428,T2,F,40,88,29429.08
C00429,T2,M,53,57,16495.66
C00430,T1,F,37,84,31623.67
C00431,T3,F,41,100,38726.43
C00432,,M,20,27,36557.34
C00433,T3,F,45,20,35936.01
C00434,T1,,32,74,12005.23
C00435,T3,M,30,22,25188.96
C00436,T1,F,24,11,30325.67
C00437,T1,M,53,43,13792.46
C00438,T2,F,29,42,9309.86
C00439,T2,F,33,81,14232.55
C00440,T1,F,32,82,10702.32
C00441,T1,F,39,94,12749.1
C00442,T1,M,31,5,26732.46
C00443,T2,M,47,46,11505.84
C00444,T1,M,49,88,14270.06
C00445,T2,M,26,63,29376.59
C00446,T3,F,20,76,39972.62
C00447,T1,F,39,44,37473.44
C00448,T2,F,48,37,3212.04
C00449,T2,M,31,103,15022.41
C00450,T2,M,32,92,29077.49
C00451,T2,F,19,60,32121.77
C00452,T2,M,34,21,22379.94
C00453,T1,M,29,67,25416.41
C00454,T2,F,19,48,39526.3
C00455,T2,M,40,33,36597.54
C00456,T1,M,30,65,36777.78
C00457,T2,F,32,50,29590.36
C00458,T3,M,24,38,12882.38
C00459,T1,F,41,12,20653.71
C00460,T2,M,44,64,14521.33
C00461,,F,48,76,15922.97
C00462,T3,F,42,21,21065.32
C00463,T1,M,45,50,12779.7
C00464,T2,M,44,35,20725.38
C00465,T1,F,36,31,34092.63
C00466,T3,M,30,65,5320.07
C00467,T1,,22,23,30317.8
C00468,T3,F,27,23,3506.11
C00469,T2,F,31,87,10625.37
C00470,T1,NB,45,56,25176.98
C00471,T1,M,21,24,36904.83
C00472,T2,F,31,56,14624.16
C00473,T3,F,24,59,4421.43
C00474,T3,M,24,85,17330.34
C00475,T2,F,31,31,32245.3
C00476,T3,F,22,96,21584.28
C00477,T2,F,42,88,25996.18
C00478,T2,M,50,65,5188.98
C00479,T3,M,43,12,6223.78
C00480,T3,M,27,22,39116.69
C00481,T1,M,41,23,28273.83
C00482,T3,M,22,102,4355.49
C00483,T1,,52,102,36400.88
C00484,T3,NB,31,77,19257.14
C00485,T3,M,32,62,39931.66
C00486,T3,F,29,7,27713.16
C00487,T2,F,34,11,8108.28
C00488,T3,F,43,38,3095.41
C00489,T3,F,21,27,5359.77
C00490,T1,F,46,18,23388.28
C00491,T2,F,41,53,39701.39
C00492,T1,NB,51,68,19712.36
C00493,T2,,21,44,18109.11
C00494,T1,F,23,96,18814.72
C00495,T2,M,25,29,4675.55
C00496,T3,M,32,93,12840.13
C00497,T1,F,18,46,6399.09
C00498,T3,M,38,59,34703.38
C00499,,F,48,87,37856.51
C00500,T2,M,27,10,6262.22
C00501,T1,F,46,95,17020.4
C00502,T2,M,49,66,30207.28
C00503,T3,F,35,54,15558.73
C00504,T1,F,30,68,38993.9
C00505,T3,F,47,60,38784.8
C00506,T1,M,52,91,12946.61
C00507,T1,F,44,20,20887.55
C00508,T2,,43,14,21498.43
C00509,,M,49,9,23052.01
C00510,,F,21,7,16309.37
C00511,T3,F,23,48,5739.58
C00512,T2,F,53,86,21833.91
C00513,T3,F,50,33,27109.91
C00514,T1,,26,72,13953.99
C00515,T1,M,25,76,28451.81
C00516,T1,F,28,92,5165.99
C00517,T3,F,27,51,33122.85
C00518,T1,,27,81,36282.62
C00519,T3,M,53,84,38044.23
C00520,T1,M,42,99,23694.89
C00521,T2,F,49,58,28044.39
C00522,T1,M,28,98,18287.68
C00523,T2,M,31,47,35045.56
C00524,T2,F,46,22,29463.61
C00525,T3,F,52,41,29256.22
C00526,T3,M,49,13,39275.87
C00527,,NB,41,102,10788.24
C00528,T3,M,35,77,12788.22
C00529,T2,M,34,78,29851.62
C00530,T2,F,27,96,37695.16
C00531,T2,F,19,37,18516.87
C00532,T3,F,27,9,31482.31
C00533,T2,M,23,86,6430.76
C00534,T3,M,25,71,23460.82
C00535,T3,F,43,72,24914.31
C00536,T2,F,27,24,17766.5
C00537,T3,F,23,54,26115.46
C00538,T1,M,29,70,26583.79
C00539,T1,F,22,43,33042.79
C00540,T1,F,24,16,10726.3
C00541,T2,M,19,99,39800.14
C00542,T2,F,32,63,28449.17
C00543,T3,F,40,97,10200.51
C00544,T2,F,31,80,14893.28
C00545,T1,M,45,26,30485.9
C00546,T2,F,18,16,11109.44
C00547,T2,M,29,4,14407.28
C00548,,M,46,97,35076.55
C00549,T1,M,20,30,33637.6
C00550,T2,F,29,65,8212.29
C00551,T1,M,47,43,8945.25
C00552,T3,M,29,13,18611.53
C00553,T2,F,33,14,7007.94
C00554,T2,M,31,47,28951.84
C00555,T3,F,24,71,33536.48
C00556,T2,M,28,86,37896.34
C00557,T2,F,30,58,38671.33
C00558,T3,F,33,97,9370.33
C00559,T1,F,43,102,6364.59
C00560,T3,F,35,68,27360.68
C00561,T2,M,34,82,13471.71
C00562,T1,F,31,80,34012.51
C00563,T3,F,50,2,36830.12
C00564,T2,F,40,25,38013.67
C00565,T2,F,52,3,25847.46
C00566,T3,M,40,67,4406.74
C00567,T3,M,27,30,39044.62
C00568,T2,F,39,74,32295.67
C00569,T1,M,50,48,36228.29
C00570,T3,F,43,3,12620.49
C00571,T1,M,31,62,26583.9
C00572,T3,M,20,43,22844.53
C00573,T1,M,27,20,26783.98
C00574,T1,F,22,21,28143.12
C00575,T3,,37,96,6989.11
C00576,T1,M,25,34,17037.28
C00577,T3,M,22,16,21166.25
C00578,T3,M,36,71,25087.55
C00579,T1,F,46,69,8023.52
C00580,T3,,21,85,21721.67
C00581,T1,M,24,24,10770.24
C00582,T1,M,32,82,29479.95
C00583,T1,F,36,70,37238.43
C00584,T2,F,20,29,22886.56
C00585,T1,F,38,81,31813.52
C00586,T1,M,23,41,10142.23
C00587,T2,M,54,99,38834.53
C00588,T3,F,32,17,38456.24
C00589,T1,M,50,58,23701.16
C00590,T1,M,32,81,23343.95
C00591,T3,M,53,54,32321.49
C00592,T2,F,37,99,9609.26
C00593,T2,M,41,59,9624.76
C00594,T3,NB,28,41,8547.86
C00595,T3,M,25,100,25050.54
C00596,T2,M,19,80,3838.36
C00597,T3,M,18,73,25144.89
C00598,T1,M,38,32,14819.16
C00599,T3,M,33,73,16635.81
C00600,T2,F,35,43,30647.43
C00601,T3,M,30,2,38577.01
C00602,T3,M,27,79,32079.28
C00603,T1,M,30,75,27907.12
C00604,T2,M,52,53,14816.54
C00605,T1,,20,20,29524.14
C00606,T2,NB,20,4,17303.33
C00607,T3,F,35,75,12104.11
C00608,T2,,43,47,28313.62
C00609,T2,NB,48,63,20963.55
C00610,T1,M,21,92,20110.05
C00611,T1,M,31,1,12797.92
C00612,T3,F,37,66,39812.14
C00613,T3,F,40,74,15841.54
C00614,T1,M,52,35,20268.32
C00615,T1,F,37,4,7866.02
C00616,T2,F,24,50,29515.79
C00617,T2,M,31,7,34288.36
C00618,T3,F,35,99,12516.3
C00619,T2,F,18,84,14679.71
C00620,T1,M,20,38,7175.09
C00621,T3,M,21,5,35035.68
C00622,T1,M,31,70,3916.43
C00623,,M,40,42,39401.41
C00624,T2,M,28,73,8407.01
C00625,T3,M,46,87,26155.85
C00626,T1,NB,18,100,32015.3
C00627,T1,F,47,81,17441.61
C00628,T1,F,43,1,21264.55
C00629,T2,M,39,73,31783.8
C00630,T2,F,22,41,29434.77
C00631,T3,F,18,5,34673.22
C00632,T2,F,36,8,17966.72
C00633,T1,F,22,68,6508.45
C00634,T2,F,52,79,23727.88
C00635,T1,F,23,30,8018.75
C00636,T1,M,41,3,27297.18
C00637,,M,40,74,24350.76
C00638,T2,F,24,32,39372.44
C00639,T2,F,46,42,31306.85
C00640,T2,M,23,35,9366.3
C00641,T2,M,48,37,34259.44
C00642,T3,F,41,69,22431.1
C00643,T2,M,30,63,34827.45
C00644,,M,53,30,31912.65
C00645,T1,F,25,58,13338.65
C00646,T2,F,44,71,12153.46
C00647,T2,M,46,61,39015.18
C00648,T1,M,40,60,6589.27
C00649,T3,F,38,37,39965.2
C00650,T3,F,32,44,6038.36
C00651,T2,M,52,60,26144.92
C00652,T2,F,47,85,16341.74
C00653,T2,F,19,9,33186.84
C00654,T3,F,49,22,39483.86
C00655,T2,M,53,95,7256.67
C00656,T2,M,42,55,26138.25
C00657,T2,M,27,74,4931.11
C00658,T2,F,26,35,15065.7
C00659,T3,F,26,19,15798.94
C00660,T2,F,52,61,16557.03
C00661,,F,54,95,9214.09
C00662,T1,F,54,82,38841.7
C00663,T3,M,28,91,6733.86
C00664,T2,M,36,70,34702.98
C00665,T2,M,27,89,38734.21
C00666,T2,F,27,73,17947.87
C00667,,F,36,10,8632.93
C00668,T2,M,33,36,7265.57
C00669,T3,F,36,42,34801.4
C00670,,NB,19,50,16735.9
C00671,T3,M,31,1,24820.94
C00672,T2,F,19,82,27597.63
C00673,,M,54,78,22410.19
C00674,T1,F,37,41,6147.2
C00675,T1,F,29,84,9698.36
C00676,T1,M,26,86,4300.75
C00677,T1,F,24,71,30059.49
C00678,T3,M,32,35,9455.8
C00679,T3,M,35,5,36652.29
C00680,,M,20,88,38709.32
C00681,T2,M,32,78,28833.08
C00682,T2,M,39,52,5217.7
C00683,T1,F,19,27,10489.53
C00684,T1,M,31,24,35041.92
C00685,,F,52,85,27253.91
C00686,T2,F,40,103,14798.09
C00687,T1,M,31,12,35977.63
C00688,T3,F,19,78,28187.83
C00689,T1,F,47,24,32095.49
C00690,T2,F,18,86,28172.63
C00691,T2,NB,40,2,3372.7
C00692,T1,M,30,54,34096.88
C00693,T2,F,36,84,15561.59
C00694,T2,M,29,37,29666.95
C00695,T2,M,34,75,21839.76
C00696,T3,M,44,85,39868.09
C00697,T2,F,51,12,39980.25
C00698,T1,M,41,72,26543.49
C00699,T2,M,42,2,17359.05
C00700,T1,F,52,18,6908.45
C00701,T2,F,40,74,22071.1
C00702,T2,F,24,82,8548.41
C00703,T1,F,33,97,32844.93
C00704,T2,F,29,46,19133.95
C00705,T1,M,26,32,3407.62
C00706,T2,F,38,46,16400.88
C00707,T2,,21,6,18430.66
C00708,T2,M,36,94,8419.22
C00709,T3,M,32,52,14762.64
C00710,T2,F,42,89,4819.12
C00711,T1,M,24,49,3016.63
C00712,T2,F,33,11,21926.93
C00713,T1,F,19,72,3000.49
C00714,T2,M,44,45,16361.44
C00715,T1,M,44,42,14081.89
C00716,T1,F,19,12,36675.94
C00717,T2,F,22,7,12003.54
C00718,T1,M,49,46,7970.81
C00719,T3,M,30,20,35942.39
C00720,T3,F,20,89,24574.61
C00721,T2,F,24,14,3983.09
C00722,T1,F,54,79,11286.59
C00723,T2,F,43,58,3281.74
C00724,T2,,54,102,17488.84
C00725,T1,F,26,49,28170.47
C00726,T2,M,26,3,39533.69
C00727,T3,F,38,2,28226.63
C00728,T2,F,23,89,24322.52
C00729,T3,M,41,53,24634.94
C00730,T1,F,37,103,6091.87
C00731,T1,M,40,81,18756.78
C00732,T1,F,26,98,14248.12
C00733,T3,M,37,50,36125.69
C00734,T1,F,41,15,29085.31
C00735,T1,F,42,87,17713.79
C00736,T3,M,47,91,7759.8
C00737,T3,F,29,36,28752.33
C00738,T2,M,45,37,31939.25
C00739,T1,F,34,99,36539.33
C00740,T2,M,36,86,29532.0
C00741,T3,M,52,80,11996.16
C00742,T3,,52,17,37027.72
C00743,T2,F,28,45,9453.38
C00744,T2,F,48,41,12673.18
C00745,T2,NB,41,15,24220.21
C00746,T2,F,35,23,31131.68
C00747,T3,F,22,15,24613.09
C00748,T2,F,51,18,11774.69
C00749,T3,M,42,100,36032.97
C00750,T3,F,29,34,11562.11
C00751,T1,M,23,50,7885.18
C00752,,M,47,21,32437.36
C00753,T3,F,33,54,34385.82
C00754,T3,M,44,24,31726.75
C00755,T3,M,23,2,39285.09
C00756,T2,M,22,53,31362.62
C00757,T1,F,54,34,36172.51
C00758,T2,F,42,39,37820.11
C00759,T2,M,33,25,28199.18
C00760,T3,F,32,23,33462.26
C00761,,M,50,61,8532.5
C00762,T2,NB,27,53,30296.93
C00763,T2,F,47,19,14337.86
C00764,T2,F,28,69,24654.96
C00765,T2,F,54,11,9776.44
C00766,T2,M,46,20,15196.87
C00767,T3,F,18,23,36515.38
C00768,T2,M,44,26,28394.68
C00769,T1,M,21,6,28715.39
C00770,T3,M,26,13,6915.19
C00771,T2,M,45,90,20162.31
C00772,T1,M,29,100,5449.97
C00773,T2,F,22,100,18788.33
C00774,T2,F,28,65,36151.19
C00775,T2,F,52,39,36995.16
C00776,T3,M,48,4,37717.01
C00777,T2,M,53,20,38637.75
C00778,T2,F,38,103,25498.26
C00779,T1,M,31,74,11200.61
C00780,T2,M,49,12,23092.49
C00781,T2,F,46,35,35709.13
C00782,T2,F,32,60,37580.66
C00783,T3,M,33,28,39817.08
C00784,T2,F,53,8,25605.26
C00785,T1,M,32,33,30347.89
C00786,T2,M,28,34,18968.73
C00787,T1,M,49,54,11431.03
C00788,T1,F,45,46,23451.75
C00789,T2,F,38,10,27684.58
C00790,T2,M,32,78,27123.3
C00791,T2,F,36,33,16108.79
C00792,T1,F,46,54,20724.26
C00793,T1,M,26,12,28554.94
C00794,T1,M,50,79,29622.78
C00795,T3,M,30,73,32769.81
C00796,T3,,26,50,34990.12
C00797,T2,F,29,61,26965.75
C00798,T2,M,42,44,21810.93
C00799,T1,M,31,92,16937.96
C00800,T2,F,27,22,30641.96
C00801,T2,F,41,15,32327.4
C00802,T2,F,37,34,10399.45
C00803,T1,F,20,30,5293.3
C00804,T1,M,53,93,7974.35
C00805,T2,M,30,100,37466.93
C00806,T2,F,49,101,26760.47
C00807,T2,M,24,24,17938.1
C00808,,M,41,37,15391.36
C00809,T1,F,53,66,18356.17
C00810,T1,M,27,21,28776.55
C00811,T1,M,19,76,22193.95
C00812,T3,F,36,18,32626.96
C00813,T3,M,20,14,13636.59
C00814,T1,M,34,31,15465.62
C00815,T3,F,23,103,9113.54
C00816,T2,M,20,85,23549.29
C00817,T2,M,42,37,33887.06
C00818,T2,F,35,35,11823.14
C00819,T1,M,18,45,23097.97
C00820,T1,F,42,1,21231.46
C00821,T3,M,32,2,4994.98
C00822,T2,F,44,29,22212.37
C00823,,F,49,38,3589.87
C00824,T2,F,50,51,34813.13
C00825,T1,M,33,24,24080.05
C00826,T3,F,44,55,4838.42
C00827,T1,F,42,6,18831.31
C00828,T1,F,22,94,29030.52
C00829,T3,M,32,16,18982.86
C00830,T3,M,51,71,11104.59
C00831,T2,F,39,23,7168.11
C00832,T2,F,32,79,34406.82
C00833,T2,M,42,9,22341.22
C00834,T1,M,26,68,27934.12
C00835,T2,M,46,15,21019.6
C00836,T2,F,32,22,24568.95
C00837,T2,F,50,35,27235.75
C00838,T2,F,42,34,27772.28
C00839,T1,M,52,42,19717.42
C00840,T1,F,42,19,12731.39
C00841,T3,M,53,52,7374.94
C00842,T2,F,21,88,14455.68
C00843,T2,M,42,47,28621.53
C00844,T1,F,51,91,29393.69
C00845,T3,M,41,79,34814.6
C00846,T3,M,29,96,5563.25
C00847,T1,F,34,36,27012.97
C00848,,F,18,73,26633.18
C00849,T2,F,42,101,21108.18
C00850,T2,F,44,63,22181.61
C00851,T3,M,44,94,19774.15
C00852,T1,M,41,10,7690.62
C00853,T2,,41,63,34726.14
C00854,T2,M,30,26,16606.16
C00855,T2,F,53,93,16543.95
C00856,T1,M,40,53,16944.36
C00857,T3,M,53,79,6978.4
C00858,,M,54,73,17179.14
C00859,T1,F,19,42,25448.31
C00860,T3,M,42,68,28856.02
C00861,T2,F,28,62,8178.09
C00862,T2,M,37,43,9843.97
C00863,T3,NB,27,88,27421.61
C00864,T1,M,27,98,13946.25
C00865,T1,M,54,49,12259.3
C00866,T1,F,22,94,37080.8
C00867,T1,F,52,54,16084.46
C00868,T3,M,34,78,5235.81
C00869,T1,M,47,3,27281.47
C00870,T1,M,46,84,21704.67
C00871,T3,F,34,63,17153.13
C00872,T2,F,38,100,21838.42
C00873,T2,M,53,67,29094.52
C00874,T2,F,22,28,14972.89
C00875,T1,M,40,31,17507.23
C00876,T2,F,33,20,26873.22
C00877,T2,F,54,32,17130.91
C00878,T1,M,54,16,6076.48
C00879,T3,F,18,86,31299.33
C00880,T1,F,46,57,36213.05
C00881,T2,M,18,65,9354.93
C00882,T1,M,37,27,38173.07
C00883,T1,F,38,65,17430.13
C00884,T1,M,32,58,12479.61
C00885,T3,M,18,34,15273.34
C00886,T2,NB,33,85,29690.31
C00887,T1,F,23,52,37260.74
C00888,T1,M,46,10,33435.32
C00889,T2,F,53,3,4935.29
C00890,T2,F,34,90,21768.29
C00891,T1,M,30,98,27580.01
C00892,T1,F,25,12,15551.03
C00893,T3,M,34,15,8714.06
C00894,T1,F,42,89,9966.17
C00895,T2,M,18,11,16412.2
C00896,T2,M,41,11,21109.72
C00897,T3,F,37,44,8656.09
C00898,T2,F,25,1,37098.59
C00899,T3,M,25,56,11688.75
C00900,T1,M,50,7,18620.09
C00901,T2,M,31,54,31259.81
C00902,T1,F,42,31,37592.34
C00903,T2,F,19,65,38740.37
C00904,T1,M,18,93,35903.64
C00905,T3,M,47,2,23147.69
C00906,T2,F,42,91,13310.0
C00907,T1,M,21,84,16046.02
C00908,T1,M,25,73,4193.92
C00909,T2,M,46,84,24622.38
C00910,T1,F,36,13,19855.88
C00911,T1,M,40,73,21747.25
C00912,T2,M,45,52,10497.02
C00913,T1,,45,68,9039.05
C00914,T3,F,38,20,23440.16
C00915,T1,F,21,39,26256.76
C00916,T2,F,27,19,15963.94
C00917,T2,M,44,63,17869.42
C00918,T1,M,45,43,20399.76
C00919,T2,F,49,44,26986.43
C00920,T1,M,41,21,28299.71
C00921,T2,NB,40,75,31788.35
C00922,T1,F,45,82,19254.38
C00923,T2,M,40,29,18366.01
C00924,T1,M,21,1,10399.55
C00925,T2,M,26,7,28790.99
C00926,T2,F,24,85,24194.13
C00927,T2,M,45,66,14143.67
C00928,T2,F,46,48,28812.99
C00929,T1,M,50,68,21989.24
C00930,T1,,21,83,6567.17
C00931,T1,NB,42,33,37960.8
C00932,T2,M,20,81,15574.86
C00933,T3,M,40,42,33241.69
C00934,T1,F,40,15,28730.3
C00935,T2,F,41,61,21670.4
C00936,T1,M,23,91,26374.16
C00937,T1,M,28,96,37065.43
C00938,T1,F,31,80,22611.17
C00939,T3,M,35,39,22074.85
C00940,T1,M,54,53,11232.42
C00941,T2,M,26,26,37500.4
C00942,T2,F,26,68,12814.27
C00943,T1,M,49,83,9657.62
C00944,T3,M,49,102,19759.04
C00945,T2,F,33,37,11965.76
C00946,T3,,29,33,13573.47
C00947,T1,F,36,19,10569.09
C00948,T2,F,39,16,13203.91
C00949,T2,F,39,49,12878.06
C00950,T1,M,51,39,38806.92
C00951,T2,M,31,6,16671.49
C00952,T1,F,36,55,5891.52
C00953,T2,M,34,41,10043.18
C00954,T2,F,44,99,24364.5
C00955,T3,M,50,72,19616.5
C00956,T1,M,20,21,15938.07
C00957,T2,M,41,102,39096.65
C00958,T2,M,54,31,8369.18
C00959,T2,F,27,61,38564.66
C00960,T2,M,23,24,35075.71
C00961,T2,F,25,76,16190.93
C00962,T2,M,32,69,31925.33
C00963,T2,M,30,83,7694.58
C00964,T3,F,53,76,23001.5
C00965,T2,F,35,83,15773.36
C00966,T1,,43,88,30755.59
C00967,T1,M,26,68,36635.72
C00968,T1,M,48,10,9816.98
C00969,T3,M,20,52,16080.25
C00970,T1,M,27,64,30867.23
C00971,T2,M,29,43,33633.66
C00972,T2,F,37,83,21261.86
C00973,T2,F,32,68,10923.44
C00974,T2,F,38,33,10649.81
C00975,T1,M,41,95,38642.4
C00976,T2,,44,36,28778.97
C00977,T1,F,45,45,18800.19
C00978,T2,M,37,35,14508.32
C00979,T3,NB,39,80,22381.14
C00980,T1,F,42,93,35955.72
C00981,T1,M,40,81,9475.72
C00982,,NB,26,68,24835.15
C00983,T2,M,29,102,35068.85
C00984,T1,F,29,81,25744.14
C00985,T3,M,25,42,9264.25
C00986,T2,F,42,3,21918.96
C00987,T2,M,49,66,3899.45
C00988,T3,F,48,11,5406.07
C00989,T1,M,31,5,9447.62
C00990,T2,M,21,91,17695.13
C00991,T2,F,30,23,38860.99
C00992,T2,M,43,13,31808.96
C00993,T1,F,20,16,22780.44
C00994,T2,F,43,28,28070.84
C00995,T2,M,19,30,19789.91
C00996,T1,F,22,36,8506.44
C00997,T2,M,33,48,29157.38
C00998,T2,M,28,85,16634.67
C00999,T1,F,33,89,23032.05
C01000,T2,M,31,21,36653.81
C01001,T3,M,54,71,32736.03
C01002,T3,F,49,13,22592.38
C01003,T3,M,42,11,17307.7
C01004,T2,NB,54,89,13380.16
C01005,T3,F,46,82,27327.32
C01006,T2,M,25,23,10384.11
C01007,T3,F,40,19,6021.17
C01008,T3,F,50,74,14319.75
C01009,T1,,25,19,34631.66
C01010,T1,F,50,11,19949.86
C01011,T1,M,35,97,23546.94
C01012,T3,F,30,96,10706.17
C01013,T2,M,24,36,15042.56
C01014,T1,M,54,20,15260.59
C01015,T1,F,37,39,20191.53
C01016,T2,F,52,27,25691.64
C01017,T3,M,34,9,25782.5
C01018,T2,F,54,56,25137.8
C01019,T2,F,39,58,6441.75
C01020,T2,M,32,33,27256.74
C01021,T3,F,40,78,19063.34
C01022,,F,31,79,11736.75
C01023,T2,M,46,41,9389.37
C01024,,,35,32,25535.79
C01025,T2,M,36,2,39872.19
C01026,T1,M,53,24,4568.29
C01027,T2,F,36,5,25605.81
C01028,T1,M,45,38,9867.08
C01029,T2,M,34,63,25625.38
C01030,T3,M,39,18,13048.46
C01031,T2,F,39,36,8688.51
C01032,T3,M,35,58,15340.2
C01033,T2,F,34,42,35319.81
C01034,T3,NB,46,69,22015.4
C01035,T2,M,35,50,15100.66
C01036,T1,F,44,3,38068.42
C01037,T3,F,26,97,37404.17
C01038,T2,F,48,85,13924.09
C01039,T3,M,51,14,28959.03
C01040,T1,,18,58,16425.01
C01041,T2,M,44,24,33809.23
C01042,T2,F,39,43,16977.09
C01043,T2,F,38,95,30051.83
C01044,T2,M,24,88,14511.6
C01045,T1,M,52,82,33937.64
C01046,T2,M,52,22,30890.1
C01047,T2,F,44,4,20075.18
C01048,T2,M,49,73,15317.01
C01049,T2,,42,65,32357.91
C01050,T3,M,28,80,11222.42
C01051,T1,M,20,87,13109.2
C01052,T3,F,33,30,35006.85
C01053,T2,F,27,3,26810.81
C01054,T2,M,28,94,4883.14
C01055,T3,F,41,93,16578.87
C01056,T1,M,29,51,23297.03
C01057,T2,M,52,21,30305.18
C01058,T3,M,23,97,25132.41
C01059,,F,40,54,6204.88
C01060,,M,27,88,38293.18
C01061,T2,M,26,30,19492.73
C01062,T1,M,29,63,24606.31
C01063,T3,M,18,75,23006.7
C01064,T3,F,43,95,32646.77
C01065,T1,M,33,72,28823.82
C01066,T2,F,28,91,18753.1
C01067,T3,F,41,56,12879.08
C01068,T3,M,28,64,29639.41
C01069,T1,M,41,81,10204.97
C01070,T1,M,52,45,25209.29
C01071,T1,M,54,10,24204.71
C01072,T1,M,25,100,24168.54
C01073,T3,M,30,23,19051.62
C01074,T2,M,31,67,22790.51
C01075,T2,F,45,72,10180.36
C01076,T3,F,42,40,28792.86
C01077,T2,M,45,20,23956.79
C01078,T1,M,44,72,32792.05
C01079,T2,M,25,86,25735.09
C01080,T3,F,32,78,11026.83
C01081,T2,F,27,51,10406.4
C01082,T1,M,35,87,4758.58
C01083,T2,M,24,82,31330.95
C01084,T3,F,26,11,37345.25
C01085,T1,F,52,15,26431.61
C01086,T1,F,20,100,26227.05
C01087,T1,F,28,34,39431.7
C01088,T3,F,37,4,6217.22
C01089,T2,M,19,69,22121.37
C01090,T2,NB,20,101,14949.98
C01091,T1,M,28,33,27295.02
C01092,T2,F,26,95,8050.66
C01093,T2,F,38,77,11492.24
C01094,T1,M,30,38,29332.33
C01095,T2,F,24,17,20299.4
C01096,T2,M,34,91,26770.3
C01097,T1,F,51,69,19140.19
C01098,T1,M,42,82,21962.31
C01099,T1,M,25,61,6269.82
C01100,T3,M,31,95,11338.2
C01101,T2,M,46,69,20086.19
C01102,,M,48,44,28521.43
C01103,T1,M,46,35,35484.41
C01104,T2,F,53,79,8075.78
C01105,T1,F,49,80,23158.65
C01106,T3,F,28,35,32686.59
C01107,T2,M,51,83,5819.28
C01108,T2,F,48,38,36966.71
C01109,T1,F,20,52,23644.78
C01110,T2,M,48,5,13474.74
C01111,,M,43,64,3448.04
C01112,,M,50,39,20762.19
C01113,T2,M,33,93,17690.05
C01114,T2,,40,9,10754.9
C01115,T2,F,46,64,10875.39
C01116,T1,M,22,54,14037.21
C01117,T2,M,42,79,3387.73
C01118,T2,NB,49,47,9345.79
C01119,T2,M,50,39,15877.71
C01120,T1,M,40,97,31714.99
C01121,T2,F,33,49,32948.05
C01122,T1,M,18,78,10825.37
C01123,,F,46,10,31061.84
C01124,T1,M,18,25,7936.54
C01125,T2,F,53,62,34128.84
C01126,T1,F,47,89,33535.94
C01127,T1,F,30,16,7190.92
C01128,T3,M,28,99,18982.43
C01129,T2,M,32,74,34637.53
C01130,T1,F,31,92,20532.25
C01131,T1,F,47,12,21927.06
C01132,T3,F,37,59,34767.46
C01133,T1,F,38,21,33644.21
C01134,T1,F,21,59,29476.78
C01135,T3,F,48,13,22536.57
C01136,T3,F,19,23,26411.47
C01137,T2,M,35,82,39642.41
C01138,T2,F,26,15,32561.34
C01139,T2,F,20,64,23882.28
C01140,T2,F,32,100,14525.06
C01141,T2,F,29,21,7373.79
C01142,T1,F,43,40,34303.93
C01143,T1,F,47,38,20158.79
C01144,T1,F,48,78,37697.37
C01145,T2,F,26,41,14608.66
C01146,T1,F,38,1,21537.98
C01147,T1,F,45,45,35725.56
C01148,T2,F,49,83,6340.89
C01149,T2,F,45,90,8935.24
C01150,T1,M,35,18,3699.35
C01151,T3,F,43,29,32387.91
C01152,T3,F,23,17,31752.83
C01153,T3,M,22,17,7545.7
C01154,T2,M,29,62,35059.08
C01155,T1,F,21,48,5822.42
C01156,T1,M,28,59,11577.88
C01157,T1,F,38,54,18695.78
C01158,T3,M,54,1,14393.79
C01159,T3,F,51,89,14031.27
C01160,T1,,26,37,35096.06
C01161,T2,M,25,68,12465.4
C01162,T1,M,25,40,9097.79
C01163,T2,F,53,38,11984.31
C01164,T2,M,35,53,17563.51
C01165,T2,M,47,49,21681.59
C01166,T1,F,45,50,37174.34
C01167,T3,M,30,52,23758.52
C01168,T1,M,38,42,27252.83
C01169,T1,F,21,100,6722.86
C01170,T2,M,23,31,27892.93
C01171,T3,F,54,44,28458.01
C01172,T2,F,22,59,11503.37
C01173,T2,F,34,47,38283.25
C01174,,F,28,59,21819.13
C01175,T2,F,42,39,25173.33
C01176,T1,F,20,46,23903.3
C01177,T1,F,36,53,14415.03
C01178,T1,F,22,60,13612.14
C01179,T2,,47,4,15926.62
C01180,T1,F,33,98,23879.9
C01181,T3,M,50,32,35958.27
C01182,T2,F,45,59,7956.81
C01183,T2,,35,43,15786.07
C01184,T2,F,40,85,4255.09
C01185,T3,F,23,19,32574.4
C01186,T1,M,37,61,3571.47
C01187,T3,F,48,32,12440.15
C01188,T3,,54,36,7304.81
C01189,T1,M,26,1,39141.29
C01190,T1,F,35,46,34797.26
C01191,T3,F,18,18,28677.09
C01192,T2,F,37,58,9654.51
C01193,T2,M,38,29,5349.53
C01194,T2,,28,51,20506.69
C01195,T2,NB,22,60,17614.76
C01196,T1,F,30,4,35876.68
C01197,,F,44,68,18869.34
C01198,T1,F,45,34,39000.95
C01199,T2,F,29,65,25776.53
C01200,T1,M,48,76,7837.17
C01201,T2,M,52,13,39719.11
C01202,T3,M,22,73,39528.41
C01203,T1,F,19,37,38171.01
C01204,T3,M,54,45,13665.82
C01205,T3,M,30,63,31690.49
C01206,T1,F,43,85,3023.99
C01207,T2,M,41,34,11025.21
C01208,T2,F,52,71,17080.26
C01209,,F,50,76,8648.65
C01210,,M,33,79,24079.27
C01211,T2,F,28,36,26042.13
C01212,T1,F,21,73,19852.04
C01213,,F,30,9,12700.39
C01214,T1,F,21,97,38390.24
C01215,T1,M,54,55,29426.61
C01216,,F,31,103,9697.57
C01217,T3,F,41,40,7074.15
C01218,T2,F,46,20,13020.37
C01219,T3,F,34,62,38540.43
C01220,T1,M,19,98,9096.99
C01221,T2,M,42,86,6772.62
C01222,T3,M,23,67,13719.39
C01223,T1,NB,20,93,20531.52
C01224,T2,F,24,55,32186.75
C01225,T3,M,28,87,25824.33
C01226,T1,M,41,43,29290.84
C01227,T2,M,54,102,10373.45
C01228,T2,M,21,92,36600.54
C01229,T1,M,40,95,32301.61
C01230,T2,F,39,96,30361.09
C01231,T3,M,24,99,31893.86
C01232,T1,M,39,76,24013.77
C01233,T2,,25,52,27519.93
C01234,T2,M,50,45,39422.97
C01235,T1,F,54,46,7106.68
C01236,T1,M,38,41,33141.61
C01237,T1,F,21,30,35863.3
C01238,T1,NB,25,103,5806.74
C01239,T2,M,54,84,29883.31
C01240,T1,F,38,45,18754.69
C01241,T2,F,33,18,20337.84
C01242,T3,F,41,62,18287.18
C01243,T1,M,39,11,12572.2
C01244,T1,M,26,56,27990.18
C01245,T3,,31,96,13222.19
C01246,T2,M,31,92,20089.5
C01247,T1,F,41,43,33224.37
C01248,T1,M,39,37,10458.57
C01249,T2,M,20,33,23199.4
C01250,T2,M,38,79,20639.12
C01251,T2,M,43,43,29653.46
C01252,T1,,28,78,11410.42
C01253,T3,F,32,18,33625.45
C01254,T1,M,53,50,6588.52
C01255,T1,M,23,79,28685.39
C01256,T1,F,32,86,20716.16
C01257,T1,NB,53,57,16892.92
C01258,T1,NB,35,27,34133.26
C01259,T1,M,38,62,14841.75
C01260,T2,M,26,84,5274.6
C01261,T1,F,23,15,9085.26
C01262,T2,F,23,52,14348.51
C01263,T3,M,49,15,12530.87
C01264,T3,F,48,93,5007.02
C01265,T1,M,21,34,35035.47
C01266,T3,F,45,73,13820.71
C01267,T3,M,30,72,26142.69
C01268,T2,F,54,37,33450.8
C01269,T2,,42,60,12699.9
C01270,T1,M,23,102,32921.69
C01271,T2,M,31,84,38681.77
C01272,T3,F,28,46,6240.18
C01273,T2,F,36,7,7143.38
C01274,T3,F,37,37,26029.08
C01275,T2,M,47,77,18787.95
C01276,T1,M,51,44,15470.75
C01277,T2,F,22,96,26274.17
C01278,T3,M,35,91,33188.67
C01279,T3,F,53,79,26904.93
C01280,T3,M,38,54,15673.65
C01281,T3,M,46,79,39704.45
C01282,T3,F,20,93,27980.86
C01283,T1,M,37,1,30513.2
C01284,T2,M,24,45,21165.74
C01285,T3,M,19,61,37634.79
C01286,T1,M,45,103,28414.71
C01287,T3,M,28,42,35050.33
C01288,T1,F,52,84,9080.43
C01289,T2,M,41,1,31265.7
C01290,T1,M,26,60,5167.57
C01291,T2,M,42,2,10977.79
C01292,T2,F,47,17,15188.16
C01293,T3,M,34,10,34840.96
C01294,T2,M,20,80,30913.02
C01295,T1,F,48,101,38616.12
C01296,T1,F,51,81,24152.65
C01297,T3,M,49,5,9767.44
C01298,T1,F,18,18,36874.15
C01299,T2,F,18,44,36012.39
C01300,T3,M,26,16,5181.83
C01301,T2,F,29,83,3733.45
C01302,T1,F,31,20,32510.27
C01303,T3,,48,80,20943.23
C01304,T3,,18,94,12824.68
C01305,T2,M,53,81,19813.41
C01306,T1,M,20,53,13317.61
C01307,T3,M,34,8,23989.31
C01308,T1,M,33,29,18110.44
C01309,T3,F,33,55,21060.08
C01310,T2,F,47,33,22293.02
C01311,T3,M,36,90,24615.35
C01312,T3,F,40,81,15869.19
C01313,T1,F,32,22,37953.58
C01314,T2,M,21,55,5348.5
C01315,T1,M,21,49,21826.46
C01316,T2,F,51,73,7317.99
C01317,T2,F,31,50,34884.85
C01318,T2,NB,34,12,8046.7
C01319,T3,F,27,5,5556.95
C01320,T1,F,44,82,21767.63
C01321,T1,M,46,45,29402.83
C01322,T1,F,45,54,5583.15
C01323,T2,M,42,73,8168.86
C01324,T1,F,35,34,15672.95
C01325,T2,F,18,38,3385.18
C01326,,F,45,8,3208.74
C01327,T2,NB,21,21,3382.52
C01328,T1,F,37,89,14734.73
C01329,T1,F,29,75,10862.96
C01330,T1,F,38,84,7705.82
C01331,T3,F,47,16,24027.76
C01332,T2,,23,50,23315.19
C01333,T3,M,53,12,31577.09
C01334,T2,M,45,64,37254.86
C01335,T3,M,23,77,28376.05
C01336,T1,,51,51,32671.37
C01337,T1,M,42,96,29985.16
C01338,T2,F,46,15,26530.57
C01339,T1,M,44,18,9632.45
C01340,T1,F,20,91,32642.79
C01341,,M,43,59,37092.53
C01342,T1,F,51,57,8294.81
C01343,T2,F,35,4,23719.8
C01344,,M,40,95,30737.32
C01345,T1,M,20,26,19843.15
C01346,T2,F,47,45,24814.43
C01347,T2,F,47,65,19065.76
C01348,T2,M,45,100,31145.6
C01349,T1,F,25,15,10156.88
C01350,T2,F,22,38,3095.42
C01351,T2,F,45,14,27872.32
C01352,T2,M,18,11,39244.38
C01353,T1,F,25,50,7084.39
C01354,T1,M,38,16,5588.35
C01355,T1,F,28,36,27658.74
C01356,T1,F,43,66,36019.95
C01357,T3,M,35,15,38498.33
C01358,T2,M,34,78,6264.48
C01359,T1,M,39,14,30324.43
C01360,T2,M,35,83,14747.55
C01361,T2,F,20,47,12699.59
C01362,T2,F,31,63,31661.38
C01363,T2,F,25,99,20584.32
C01364,T2,M,31,98,14239.7
C01365,T2,F,34,17,37522.77
C01366,T2,F,50,54,30303.76
C01367,T1,M,35,92,11993.69
C01368,T1,M,32,73,36597.7
C01369,T2,M,36,22,36028.93
C01370,T1,M,22,56,8175.81
C01371,T3,M,38,77,9329.43
C01372,T2,F,48,26,19507.81
C01373,T2,M,18,52,17820.99
C01374,,F,38,75,5764.64
C01375,T1,M,35,74,30717.05
C01376,T3,,20,56,36793.48
C01377,T3,M,30,67,5644.34
C01378,,M,21,50,28935.65
C01379,T1,F,22,16,31469.76
C01380,T2,F,45,15,12390.14
C01381,T2,F,46,96,21361.08
C01382,T3,F,33,43,21287.88
C01383,,F,26,33,15629.4
C01384,T1,M,29,70,37726.85
C01385,T3,F,45,30,4886.51
C01386,T3,F,36,11,39300.92
C01387,T1,M,43,87,27903.51
C01388,T3,F,40,102,16334.41
C01389,T1,M,49,82,25148.21
C01390,T3,F,18,96,24827.3
C01391,T1,,33,33,26246.58
C01392,T1,M,52,56,26120.72
C01393,T1,F,20,87,30556.0
C01394,T1,M,51,74,38447.89
C01395,T2,F,54,79,28418.92
C01396,T2,M,51,41,18110.2
C01397,T2,M,23,103,7157.47
C01398,T2,M,38,29,8063.4
C01399,T1,M,36,83,22873.57
C01400,T1,F,34,33,26471.28
C01401,T3,F,49,99,4920.4
C01402,T3,F,36,102,31623.76
C01403,T3,F,45,16,4145.58
C01404,T1,F,34,15,16402.66
C01405,T1,M,28,47,34019.37
C01406,T1,F,35,7,4143.6
C01407,T3,M,24,101,31857.45
C01408,,M,42,17,31924.7
C01409,,M,30,23,20170.92
C01410,T1,F,43,22,35149.14
C01411,T2,M,40,63,16950.3
C01412,T1,M,27,34,29578.46
C01413,T2,F,35,103,35000.8
C01414,T3,F,21,21,30082.21
C01415,T2,M,33,19,25157.37
C01416,,F,29,36,19095.91
C01417,T1,M,27,101,12611.08
C01418,T2,F,25,71,27260.88
C01419,,,27,102,7317.55
C01420,T1,F,29,4,15863.35
C01421,T2,F,34,67,5958.08
C01422,T1,M,33,24,10962.09
C01423,T3,M,45,99,10704.89
C01424,T2,,39,2,21500.21
C01425,T1,M,32,74,37684.11
C01426,T2,M,49,95,10990.54
C01427,T3,M,36,21,8073.79
C01428,T2,F,20,28,17273.63
C01429,T1,F,33,30,21912.36
C01430,T1,M,35,71,32464.12
C01431,T1,M,18,9,6393.58
C01432,T2,F,54,78,14703.35
C01433,T1,F,46,53,14584.51
C01434,T2,F,28,4,38741.61
C01435,T1,F,42,25,30485.87
C01436,T1,M,36,17,28713.45
C01437,T3,M,45,17,25233.91
C01438,T2,F,41,53,26996.74
C01439,T1,M,33,64,6520.2
C01440,T1,M,45,16,16509.36
C01441,T1,F,44,90,28382.79
C01442,T2,M,37,84,3565.49
C01443,T1,F,26,14,35599.68
C01444,T1,M,22,63,17492.96
C01445,T3,F,26,73,5535.31
C01446,T2,M,49,90,25170.64
C01447,,M,37,85,26705.33
C01448,T1,M,44,101,15089.7
C01449,T2,F,25,72,37972.22
C01450,T3,M,36,86,25042.64
C01451,T3,F,28,10,28980.54
C01452,T3,F,18,18,5260.08
C01453,T3,M,27,37,15468.5
C01454,T2,F,27,57,30338.72
C01455,T2,M,26,25,23159.09
C01456,T1,M,53,87,8801.51
C01457,T3,M,44,103,9669.15
C01458,T1,F,33,26,34121.3
C01459,T2,M,23,64,32595.59
C01460,T2,M,32,85,32290.14
C01461,T2,F,51,44,18425.42
C01462,T3,F,28,53,32082.6
C01463,T2,F,28,81,7690.62
C01464,T1,F,37,13,5615.76
C01465,T2,F,34,81,5437.34
C01466,T2,F,54,78,13731.72
C01467,T1,M,41,102,32386.03
C01468,T2,M,21,73,10231.13
C01469,T2,F,28,71,7399.67
C01470,T1,F,32,60,22937.57
C01471,T2,M,38,71,15674.88
C01472,T3,M,38,88,8361.29
C01473,T3,M,35,60,3864.15
C01474,T2,F,38,80,18272.82
C01475,T1,M,21,58,31507.95
C01476,T2,F,41,60,14110.84
C01477,T2,M,48,21,3490.82
C01478,T3,F,27,38,23778.15
C01479,T2,F,51,44,8939.21
C01480,T1,F,29,14,39765.0
C01481,T2,F,48,103,8789.61
C01482,T2,F,45,41,25149.99
C01483,T1,F,38,49,21000.02
C01484,T2,F,22,45,10590.26
C01485,T1,F,51,31,14647.39
C01486,T1,M,27,64,30654.81
C01487,T1,F,29,28,32094.83
C01488,T1,F,48,102,36115.55
C01489,T3,F,44,51,34164.88
C01490,T1,F,51,95,30940.86
C01491,T3,F,46,67,23838.48
C01492,T2,M,40,63,22648.9
C01493,T3,F,21,25,39215.57
C01494,T1,F,19,29,24445.95
C01495,T3,F,25,4,28126.07
C01496,T2,M,40,10,29475.02
C01497,,F,37,67,11416.61
C01498,T3,F,49,3,4746.98
C01499,T1,M,38,38,30866.26
C01500,T1,,48,88,24955.26
C01501,T2,F,44,93,39260.42
C01502,T1,F,19,45,8685.32
C01503,T2,M,31,3,3025.31
C01504,T2,F,52,97,34734.41
C01505,T2,F,47,76,11455.59
C01506,,F,47,70,38616.69
C01507,T3,F,36,98,30972.56
C01508,T2,M,19,77,4480.94
C01509,T1,M,42,43,29014.49
C01510,T3,F,37,78,9610.15
C01511,T2,M,28,89,35049.39
C01512,T3,M,32,12,24925.62
C01513,T1,,51,16,15449.81
C01514,T3,F,48,87,24061.19
C01515,T1,M,32,11,38777.57
C01516,T3,F,20,67,21537.6
C01517,T3,F,52,69,8169.26
C01518,T3,M,20,57,36908.28
C01519,T2,F,21,35,15504.96
C01520,T1,F,34,37,20914.16
C01521,T2,F,21,75,37764.22
C01522,T1,M,45,91,25049.09
C01523,T2,M,34,2,35998.04
C01524,T2,M,39,3,35022.71
C01525,T1,M,46,31,10995.95
C01526,T1,M,29,46,14114.5
C01527,T2,NB,30,103,23791.92
C01528,T1,M,48,70,13190.29
C01529,T2,M,19,6,29151.35
C01530,T2,F,46,26,16733.76
C01531,T3,M,18,43,13408.92
C01532,T1,F,34,93,10744.97
C01533,T1,M,49,75,9198.41
C01534,T3,M,25,11,18683.96
C01535,T2,F,49,1,5684.39
C01536,T2,M,44,54,16107.41
C01537,T3,M,54,47,32693.47
C01538,,F,18,23,14641.96
C01539,T1,M,31,74,11445.08
C01540,T1,F,53,43,26764.99
C01541,T2,F,49,44,15157.99
C01542,,M,31,45,6593.91
C01543,T1,F,49,77,20728.69
C01544,T1,M,24,27,25205.84
C01545,T2,M,43,100,26339.94
C01546,T3,M,52,48,13664.08
C01547,T2,F,49,97,20618.18
C01548,T2,F,31,31,29573.51
C01549,T1,F,51,29,5074.57
C01550,T3,M,52,42,32008.3
C01551,T1,M,28,4,21037.56
C01552,T1,M,45,99,33833.13
C01553,T2,F,34,103,25895.4
C01554,T1,M,26,31,4561.16
C01555,T1,F,53,66,38819.97
C01556,T3,M,21,40,28403.58
C01557,T1,F,28,60,20931.06
C01558,T1,NB,43,76,11310.12
C01559,T3,F,36,17,16340.51
C01560,T2,M,37,45,27048.76
C01561,T1,F,48,88,27819.72
C01562,T2,M,39,45,34821.99
C01563,T2,F,31,89,11925.13
C01564,T2,F,24,43,29715.44
C01565,T3,M,47,38,25433.33
C01566,T2,M,20,63,39097.87
C01567,T1,F,36,70,19635.3
C01568,T1,F,19,92,28166.01
C01569,T2,F,32,51,3597.48
C01570,T2,F,54,30,23945.96
C01571,T2,F,19,39,16831.75
C01572,T3,M,45,15,4506.85
C01573,T2,,42,6,24665.67
C01574,T1,M,41,96,20665.32
C01575,T1,F,31,39,5009.25
C01576,T1,F,32,9,18442.43
C01577,T2,F,47,93,7313.83
C01578,T1,F,42,22,17912.37
C01579,T3,F,23,100,24062.58
C01580,T3,F,32,27,37897.16
C01581,T3,M,25,42,7257.03
C01582,T2,F,49,74,6751.82
C01583,T1,F,23,33,9240.73
C01584,T3,F,22,94,37985.17
C01585,,F,43,16,15076.02
C01586,T2,M,49,86,32513.41
C01587,T1,F,27,41,8315.93
C01588,T2,F,40,23,4195.32
C01589,T3,M,37,64,31858.42
C01590,T3,M,42,43,12310.35
C01591,T1,M,47,30,35995.04
C01592,T2,M,50,10,9794.77
C01593,T3,M,28,7,38741.14
C01594,T2,F,21,57,19990.81
C01595,T3,F,19,60,33428.55
C01596,T1,F,34,4,11818.31
C01597,,M,22,97,12204.04
C01598,T2,F,46,26,32576.55
C01599,T2,F,51,89,31195.16
C01600,T2,M,33,17,16411.48
C01601,T2,F,38,89,31736.59
C01602,T2,F,53,4,14438.54
C01603,T2,M,45,9,16986.32
C01604,T2,F,39,87,33893.56
C01605,T1,F,38,77,8927.69
C01606,T2,M,49,61,38696.75
C01607,T2,M,36,41,39780.54
C01608,T2,M,35,41,16732.33
C01609,T2,M,21,54,21957.74
C01610,T2,F,54,3,33713.35
C01611,T2,F,47,37,4002.88
C01612,T2,M,22,31,24923.21
C01613,T3,F,39,50,31901.46
C01614,T2,M,34,87,26083.42
C01615,T2,F,47,36,25632.45
C01616,T3,F,53,38,36630.6
C01617,T3,F,49,82,5358.54
C01618,T2,F,41,101,14974.32
C01619,T1,NB,51,100,14634.85
C01620,T2,F,51,93,24864.09
C01621,T2,M,25,31,34907.96
C01622,T2,F,53,62,34049.25
C01623,T2,F,34,9,18071.68
C01624,,F,21,43,16685.49
C01625,T3,M,42,37,14354.75
C01626,T3,F,53,79,22501.27
C01627,T3,M,27,49,12261.42
C01628,T1,M,44,83,36580.46
C01629,T3,M,39,52,21866.51
C01630,T2,M,34,37,29340.8
C01631,T3,F,25,12,4575.42
C01632,T2,F,36,70,35462.74
C01633,T1,F,48,29,6979.81
C01634,T2,M,44,10,11556.77
C01635,T1,F,31,57,27869.08
C01636,T1,M,36,13,12983.4
C01637,T1,M,26,74,37333.01
C01638,T1,M,27,70,25033.29
C01639,T2,,41,10,21577.99
C01640,T3,M,46,75,20198.36
C01641,T1,,40,100,17004.22
C01642,T1,F,41,98,20317.06
C01643,T3,F,53,50,22140.41
C01644,T3,F,30,10,19703.08
C01645,T1,M,40,60,5419.08
C01646,T3,F,35,82,39900.69
C01647,T2,M,36,88,8355.08
C01648,T3,F,49,81,32231.93
C01649,T3,M,52,53,14101.46
C01650,T3,F,19,43,30744.77
C01651,T1,F,42,17,10296.2
C01652,T3,F,43,16,10220.83
C01653,T2,M,28,56,19625.79
C01654,T1,F,32,7,34540.97
C01655,T3,M,33,37,27196.77
C01656,T3,F,24,10,38239.47
C01657,T1,,44,77,19647.16
C01658,T2,M,52,25,31479.06
C01659,T3,M,37,38,18936.38
C01660,T3,M,48,98,36842.04
C01661,,NB,26,89,11601.41
C01662,T1,M,32,98,18718.61
C01663,T3,M,43,96,8135.97
C01664,T3,F,37,60,20178.24
C01665,T1,F,31,63,26430.1
C01666,T2,M,43,87,10863.54
C01667,T3,M,29,29,9120.88
C01668,T1,M,22,4,20332.37
C01669,T1,M,49,57,31112.95
C01670,T2,M,32,72,39492.45
C01671,T2,M,29,97,13463.98
C01672,T3,F,28,72,21121.82
C01673,T2,F,24,49,3243.41
C01674,T2,F,20,64,24912.2
C01675,T3,M,30,88,29688.1
C01676,T2,F,24,88,31980.22
C01677,T3,F,38,85,13480.49
C01678,T2,M,52,29,24829.23
C01679,T2,M,50,84,29754.18
C01680,T2,F,38,58,17999.84
C01681,T2,M,35,39,12438.99
C01682,T3,M,23,88,14572.66
C01683,,F,20,74,18095.1
C01684,T3,F,21,42,38271.0
C01685,T2,M,47,42,34851.04
C01686,T1,M,21,65,3936.91
C01687,T3,F,22,81,37393.73
C01688,T1,F,32,13,10355.12
C01689,T2,M,26,58,7718.4
C01690,T2,M,34,96,9164.63
C01691,T2,M,45,58,28571.11
C01692,T3,F,19,91,12696.89
C01693,T3,NB,53,92,27167.93
C01694,T1,M,34,35,15378.54
C01695,T1,F,25,63,17578.9
C01696,T1,M,53,70,25890.33
C01697,T2,F,43,88,17847.53
C01698,T2,M,23,84,39880.3
C01699,T3,M,33,63,20596.32
C01700,T2,M,39,46,32630.05
C01701,T1,M,24,75,20579.05
C01702,T3,M,53,88,22629.28
C01703,T1,F,22,38,31590.27
C01704,T3,F,39,82,21257.65
C01705,T2,NB,48,22,25363.17
C01706,T2,M,48,15,14858.54
C01707,T1,M,35,16,31382.75
C01708,T3,F,24,26,11530.24
C01709,T2,F,26,3,33056.79
C01710,T2,M,34,53,36209.85
C01711,T3,F,43,9,35757.59
C01712,T1,F,52,1,32347.36
C01713,T2,M,36,13,36731.48
C01714,T3,F,29,42,16163.76
C01715,T2,M,33,58,30602.89
C01716,T3,M,54,86,37849.52
C01717,T1,M,44,2,30064.23
C01718,T2,F,48,6,31765.45
C01719,T1,M,19,9,8474.03
C01720,T1,M,47,46,21102.87
C01721,T3,F,43,79,7716.55
C01722,T2,F,42,17,18413.12
C01723,T2,M,49,35,32570.17
C01724,T2,F,31,77,15760.46
C01725,T2,F,50,11,4573.4
C01726,T3,F,19,95,10955.67
C01727,T2,M,34,72,21345.75
C01728,T3,M,34,37,11285.77
C01729,T1,,47,96,3457.2
C01730,T1,F,23,39,32295.96
C01731,T2,F,40,94,38079.79
C01732,T1,M,20,15,15505.0
C01733,T1,NB,35,52,5892.91
C01734,T1,M,43,100,17089.09
C01735,T1,F,19,74,37819.04
C01736,T1,M,40,25,32356.25
C01737,T2,F,31,66,31847.29
C01738,T2,F,50,41,15009.19
C01739,T1,M,52,39,12140.37
C01740,T3,M,36,19,30615.32
C01741,T2,F,43,98,34199.0
C01742,T3,M,47,35,7012.24
C01743,T2,NB,39,9,7151.34
C01744,T3,F,51,82,20836.22
C01745,T2,F,48,70,34933.19
C01746,T2,M,26,44,8670.34
C01747,T1,M,50,29,12325.94
C01748,T3,M,44,25,3054.51
C01749,T1,F,28,7,39689.24
C01750,T1,M,53,19,24659.8
C01751,T1,F,34,40,10838.75
C01752,T1,F,43,96,8893.12
C01753,T1,M,26,14,7961.91
C01754,T1,M,23,30,13248.01
C01755,T2,M,40,2,8168.7
C01756,T1,M,53,35,37600.18
C01757,T2,M,41,14,21960.49
C01758,T2,M,48,18,11227.95
C01759,T3,F,54,55,26477.9
C01760,T3,M,42,38,13861.34
C01761,T3,F,22,103,5568.98
C01762,T2,F,49,30,26061.2
C01763,T3,M,50,12,14884.12
C01764,T1,M,25,93,5578.3
C01765,T2,F,38,63,14619.39
C01766,T3,F,20,29,18602.37
C01767,T2,M,28,8,18869.53
C01768,,F,49,97,33679.33
C01769,T3,M,44,55,27633.9
C01770,T1,F,34,6,11553.5
C01771,T2,F,21,81,34665.25
C01772,T3,M,43,66,7897.14
C01773,T3,M,50,89,7510.05
C01774,T1,M,21,42,26733.2
C01775,,F,54,71,13447.55
C01776,T2,F,35,41,26763.72
C01777,T2,,43,72,25371.04
C01778,T1,M,42,76,17212.76
C01779,T2,F,32,96,26269.82
C01780,T2,F,44,75,24626.0
C01781,T1,M,34,50,39344.43
C01782,T2,F,43,61,31063.52
C01783,T2,F,32,48,18878.86
C01784,T3,M,42,15,16045.54
C01785,T3,F,50,80,22469.69
C01786,,M,18,69,3643.17
C01787,T2,F,38,22,36944.64
C01788,T3,M,44,57,25201.4
C01789,T1,M,31,21,22371.69
C01790,T1,F,32,2,19568.1
C01791,T1,M,27,70,22985.04
C01792,T3,M,38,75,35209.82
C01793,T2,M,40,32,16104.99
C01794,T2,M,37,59,8763.99
C01795,T2,M,28,20,36707.26
C01796,T3,M,28,19,39041.83
C01797,T2,M,40,74,9350.12
C01798,T1,M,22,41,38727.95
C01799,T2,F,46,96,21935.79
C01800,T2,F,34,24,35396.29
C01801,T2,M,18,69,13844.82
C01802,T2,M,24,89,38897.13
C01803,T2,F,54,12,20381.4
C01804,T2,F,43,38,15943.57
C01805,T2,F,25,54,9725.85
C01806,T2,F,31,8,20381.04
C01807,T1,M,31,55,11852.0
C01808,T2,M,48,64,19288.7
C01809,T3,F,41,89,4086.8
C01810,T3,F,38,3,33105.81
C01811,T3,M,44,54,10388.5
C01812,T2,M,34,46,7280.57
C01813,T2,M,41,31,17150.48
C01814,T1,M,24,90,11187.89
C01815,T2,M,52,80,28614.05
C01816,,,35,4,10527.56
C01817,T2,F,48,81,23546.72
C01818,T2,M,44,37,23164.11
C01819,T2,F,22,54,17581.24
C01820,T2,M,19,20,17644.23
C01821,T3,M,18,10,35502.6
C01822,T3,F,44,23,3523.58
C01823,T2,M,28,30,26673.01
C01824,T1,M,51,17,23129.77
C01825,T1,F,27,18,10324.43
C01826,T3,M,29,47,7724.87
C01827,T1,M,36,28,31854.63
C01828,T3,M,49,60,16767.4
C01829,T2,M,26,70,17608.1
C01830,T2,F,30,80,8521.16
C01831,T1,M,43,50,35392.63
C01832,T2,M,53,43,12904.9
C01833,T2,M,44,78,30110.57
C01834,T2,M,36,24,38018.32
C01835,T2,M,28,72,26459.49
C01836,T2,F,41,53,26944.6
C01837,T2,F,30,51,7893.08
C01838,T1,M,42,84,11716.92
C01839,T2,F,49,13,25632.64
C01840,T3,M,51,99,9329.41
C01841,T3,F,24,32,31605.76
C01842,T3,F,21,28,37061.44
C01843,,M,54,75,16456.47
C01844,T2,F,25,27,19428.69
C01845,T2,F,24,86,11724.14
C01846,,M,39,8,16160.57
C01847,T2,M,35,56,12367.26
C01848,T3,F,21,22,24516.91
C01849,T1,,27,18,17846.15
C01850,T1,F,31,29,16300.52
C01851,T1,,44,70,7891.25
C01852,,M,51,91,24545.37
C01853,T3,F,42,47,36555.16
C01854,T2,M,50,103,26993.65
C01855,T2,F,51,44,8341.75
C01856,T2,F,32,50,37766.75
C01857,T3,F,19,41,31713.63
C01858,,F,41,99,12156.97
C01859,T3,M,43,28,22256.08
C01860,T1,M,47,65,25316.47
C01861,T1,F,44,13,39358.52
C01862,T3,M,42,27,39682.62
C01863,T1,NB,21,84,19880.65
C01864,T3,NB,41,11,5208.78
C01865,,F,27,80,30409.62
C01866,T2,,22,77,3865.21
C01867,T2,F,29,40,26052.64
C01868,T3,,18,92,29984.6
C01869,T2,F,52,35,10718.7
C01870,T2,M,20,23,16933.63
C01871,T1,F,19,79,27819.34
C01872,,M,35,48,3073.32
C01873,T2,F,19,83,22683.58
C01874,T2,M,24,43,13523.83
C01875,T3,F,45,92,30402.63
C01876,,M,40,87,18049.77
C01877,T1,F,52,4,39250.64
C01878,T1,F,18,61,27109.47
C01879,T3,M,48,4,22931.33
C01880,T1,F,53,66,8973.36
C01881,T2,M,37,96,24800.41
C01882,T2,M,45,83,12280.3
C01883,T1,F,32,37,25845.14
C01884,T1,M,37,23,38450.6
C01885,T1,M,53,42,28615.96
C01886,T3,F,23,66,6053.17
C01887,T2,F,31,7,12833.81
C01888,T1,M,32,52,9689.18
C01889,T1,M,54,73,4177.46
C01890,T3,M,20,55,3052.26
C01891,T1,,31,62,22131.43
C01892,T3,,47,35,22061.68
C01893,T2,M,34,95,24901.46
C01894,T2,M,19,23,32016.49
C01895,T3,M,52,4,19183.12
C01896,T1,F,35,70,4030.91
C01897,T2,F,37,54,31215.88
C01898,T3,M,54,33,19120.6
C01899,T1,M,48,45,25368.8
C01900,T1,F,26,74,31073.05
C01901,T2,NB,39,29,19220.16
C01902,T2,F,39,73,19483.99
C01903,T2,F,41,37,24663.11
C01904,T1,M,18,35,17442.61
C01905,T2,F,37,67,33213.46
C01906,T1,F,30,4,7203.36
C01907,T2,F,53,35,33097.31
C01908,T3,M,52,66,14398.06
C01909,T1,F,42,30,32683.12
C01910,T3,M,26,80,12080.23
C01911,T2,F,34,37,30918.7
C01912,T3,F,31,43,39212.4
C01913,T1,M,19,102,11978.63
C01914,T2,F,26,5,10483.45
C01915,T3,F,41,23,20883.02
C01916,T1,M,30,62,11548.21
C01917,T3,F,36,33,15162.58
C01918,T2,M,19,79,7336.03
C01919,T3,M,53,97,33677.48
C01920,,M,27,86,18752.65
C01921,T3,F,26,63,23220.63
C01922,T3,F,49,23,25401.8
C01923,T2,M,53,95,17483.31
C01924,T1,F,48,102,24349.27
C01925,T2,M,22,54,36262.68
C01926,T1,F,20,7,3926.93
C01927,T2,F,28,42,17014.2
C01928,T3,F,23,32,18710.71
C01929,T2,F,34,21,12414.07
C01930,T2,F,19,24,22847.61
C01931,T1,,25,36,34165.61
C01932,T2,F,20,25,8496.83
C01933,T3,F,25,30,10259.03
C01934,T2,M,54,60,23530.52
C01935,T1,M,19,39,36306.43
C01936,T2,M,53,74,12321.61
C01937,T2,F,49,70,38316.55
C01938,T2,F,53,5,37010.8
C01939,T1,F,33,34,8236.66
C01940,T3,,34,47,7267.83
C01941,T1,M,22,91,29850.33
C01942,T2,M,51,68,4317.08
C01943,T2,,27,67,29778.86
C01944,T1,F,26,91,26564.93
C01945,T3,F,40,65,17615.41
C01946,T3,M,43,42,8131.12
C01947,T1,F,26,23,21026.02
C01948,T3,F,18,88,33455.57
C01949,,F,48,5,36789.15
C01950,T2,F,37,76,14328.14
C01951,T1,F,38,9,25717.27
C01952,T1,F,33,98,33598.15
C01953,T3,F,36,92,31163.09
C01954,T3,F,30,46,20845.43
C01955,T2,F,53,24,21502.87
C01956,T2,M,38,45,31594.96
C01957,T3,M,27,101,12428.44
C01958,T1,F,42,66,3353.25
C01959,T1,F,39,14,29198.74
C01960,T2,F,38,67,27484.07
C01961,T2,M,38,82,12457.35
C01962,T1,F,35,11,16665.66
C01963,T1,F,39,3,29081.88
C01964,T2,M,50,40,12285.74
C01965,T2,F,32,11,20353.26
C01966,T1,M,43,25,4653.78
C01967,T3,M,44,17,5489.92
C01968,T2,F,34,50,35726.85
C01969,T2,F,51,4,29827.13
C01970,T1,M,34,61,37557.26
C01971,T2,F,37,17,11996.98
C01972,T2,M,49,97,14307.68
C01973,T2,F,18,22,31478.33
C01974,T1,M,44,50,10431.36
C01975,T3,M,26,101,22572.18
C01976,T3,F,24,17,24698.83
C01977,T1,F,36,82,32065.39
C01978,T2,M,21,40,16433.84
C01979,T1,F,40,28,32572.29
C01980,T2,F,45,44,10054.53
C01981,T3,F,44,1,33799.56
C01982,T2,M,35,54,9863.82
C01983,T3,F,49,24,26970.21
C01984,T1,M,26,47,30367.47
C01985,T3,F,52,80,33796.03
C01986,T1,F,45,101,26004.53
C01987,T1,M,46,85,12814.83
C01988,T2,F,29,81,15953.57
C01989,T3,,36,60,3379.32
C01990,T3,F,44,78,33809.32
C01991,T1,M,27,29,33712.89
C01992,T2,M,18,89,21854.79
C01993,T1,F,53,40,17653.97
C01994,T1,NB,41,3,26804.8
C01995,,M,36,86,23529.65
C01996,T2,F,35,66,11152.25
C01997,T2,F,25,62,32304.18
C01998,T1,M,18,70,20608.83
C01999,T1,M,27,52,39318.22
