customer_id,prob_cluster_0,prob_cluster_1
C00000,0.9999531839264625,4.6816073537475094e-05
C00001,0.9640360065464826,0.03596399345351734
C00002,0.9983397386018249,0.0016602613981750594
C00003,0.14795500401702208,0.8520449959829779
C00004,0.10488361842961663,0.8951163815703832
C00005,0.9999820939080276,1.790609197240076e-05
C00006,0.9440977741382921,0.05590222586170785
C00007,0.999614183171027,0.0003858168289731024
C00008,2.751358317271898e-21,1.0
C00009,0.7189842442540795,0.28101575574592064
C00010,3.3177673141643106e-35,1.0
C00011,0.9999709536470356,2.9046352964443795e-05
C00012,0.9996284425044063,0.0003715574955936636
C00013,0.9983008507798772,0.0016991492201229193
C00014,2.7144627285372323e-05,0.9999728553727149
C00015,6.94876128451547e-18,1.0
C00016,0.5776273061236673,0.42237269387633297
C00017,6.427572968212253e-10,0.9999999993572426
C00018,0.9999844893457629,1.5510654237080197e-05
C00019,0.9974814364594408,0.0025185635405592277
C00020,0.9207621842025348,0.07923781579746525
C00021,4.671169648544401e-76,1.0
C00022,0.998374448562921,0.001625551437078966
C00023,0.3541757230039752,0.6458242769960245
C00024,0.9996877945187056,0.0003122054812944726
C00025,0.007110107151790322,0.9928898928482096
C00026,0.995584006189069,0.004415993810931247
C00027,6.359876663284983e-09,0.9999999936401234
C00028,4.5163334148081135e-10,0.9999999995483666
C00029,0.6554661165308042,0.3445338834691954
C00030,0.9637055801600042,0.03629441983999566
C00031,0.9988949720124997,0.0011050279875003289
C00032,6.0404762597052e-31,1.0
C00033,1.219512518303025e-38,1.0
C00034,0.9986530307858759,0.0013469692141240854
C00035,2.3751073594622748e-45,1.0
C00036,1.7467774341721316e-10,0.9999999998253222
C00037,0.9990253830906589,0.0009746169093410845
C00038,2.4768839873335765e-17,1.0
C00039,0.9511457406929423,0.04885425930705769
C00040,0.9936586940814313,0.006341305918568784
C00041,0.99971874612779,0.00028125387220990594
C00042,0.947053156800756,0.05294684319924415
C00043,3.58744720314997e-05,0.9999641255279687
C00044,0.99986853167684,0.00013146832316004715
C00045,0.9997310560645556,0.00026894393544437507
C00046,4.563983268149391e-31,1.0
C00047,3.1618201703349982e-27,1.0
C00048,0.47549567254962727,0.5245043274503727
C00049,1.8759191610346377e-27,1.0
C00050,4.5663925469300917e-45,1.0
C00051,1.270834262434717e-19,1.0
C00052,0.9999395013486481,6.049865135187624e-05
C00053,0.9997476613266286,0.0002523386733714138
C00054,0.9961203756824631,0.003879624317536762
C00055,0.7418324143326652,0.2581675856673347
C00056,0.9999941930791486,5.8069208512775394e-06
C00057,0.38058827327384204,0.6194117267261583
C00058,1.0177329261778893e-17,1.0
C00059,9.487317156519788e-40,1.0
C00060,0.775313777405882,0.22468622259411808
C00061,0.9710666480157075,0.028933351984292487
C00062,0.9999724610091177,2.7538990882316848e-05
C00063,0.9999865424207381,1.3457579261879017e-05
C00064,0.9994923562432018,0.0005076437567980434
C00065,0.04276098365382651,0.9572390163461734
C00066,0.6322313125605291,0.3677686874394713
C00067,6.6148033027663896e-15,0.9999999999999933
C00068,1.2461641544657772e-07,0.9999998753835844
C00069,0.24555308557336294,0.754446914426637
C00070,0.0004977164883790381,0.999502283511621
C00071,1.5781106805955984e-28,1.0
C00072,0.9999974910776045,2.508922395352552e-06
C00073,3.1624575346257524e-49,1.0
C00074,2.3431244771776504e-27,1.0
C00075,0.7951059079411413,0.20489409205885875
C00076,1.521320180154638e-58,1.0
C00077,0.5849956784217993,0.4150043215782003
C00078,0.0044286124789593975,0.9955713875210407
C00079,0.9999774729207761,2.2527079223945217e-05
C00080,0.0698097474920153,0.9301902525079846
C00081,0.9535569615108661,0.04644303848913386
C00082,0.9985231647191326,0.0014768352808674412
C00083,0.000153386222761502,0.9998466137772384
C00084,8.683649208573718e-40,1.0
C00085,1.2541382126248045e-66,1.0
C00086,0.9992667651904745,0.0007332348095255363
C00087,0.9985796103686038,0.0014203896313959884
C00088,7.2686527594277645e-40,1.0
C00089,0.9415786619854564,0.058421338014543564
C00090,1.258570052646715e-38,1.0
C00091,0.9894076084880638,0.010592391511936078
C00092,0.7592833761869437,0.2407166238130563
C00093,1.1004373479548639e-39,1.0
C00094,4.944161868042295e-10,0.9999999995055837
C00095,0.9881287802591107,0.011871219740889234
C00096,7.480311096985222e-35,1.0
C00097,2.4644256822425847e-08,0.999999975355743
C00098,1.1830597592359735e-14,0.999999999999988
C00099,0.9985756147241504,0.001424385275849893
C00100,0.9999963666975638,3.6333024364012026e-06
C00101,0.2590216925122376,0.7409783074877625
C00102,5.470560732456758e-31,1.0
C00103,0.9988698803962783,0.0011301196037216278
C00104,0.9997146288807653,0.00028537111923471865
C00105,0.0031622988141203814,0.9968377011858799
C00106,0.027660168439427237,0.9723398315605728
C00107,4.5149951829955593e-45,1.0
C00108,9.438378768191055e-17,1.0
C00109,0.9999277757373787,7.222426262135923e-05
C00110,0.9996406216169078,0.0003593783830921635
C00111,1.2447130124736051e-17,1.0
C00112,6.468738790422794e-31,1.0
C00113,0.9997324888657323,0.00026751113426768893
C00114,5.393342005831233e-39,1.0
C00115,0.9999582222319501,4.177776804992667e-05
C00116,0.9919057327462143,0.00809426725378584
C00117,0.9983491783205559,0.001650821679444168
C00118,0.9942141552956185,0.005785844704381365
C00119,0.9404199903864628,0.05958000961353713
C00120,0.40608772248425673,0.5939122775157434
C00121,0.1453200225526197,0.8546799774473803
C00122,1.6300661574284882e-11,0.9999999999836993
C00123,6.240581127420095e-08,0.9999999375941888
C00124,1.7329845960892084e-58,1.0
C00125,0.1743393583355963,0.8256606416644038
C00126,8.625594216615963e-40,1.0
C00127,1.3723578217933038e-07,0.9999998627642178
C00128,4.131864149377346e-51,1.0
C00129,0.9688167044724896,0.031183295527510434
C00130,1.9419019922604583e-40,1.0
C00131,0.9984022401985199,0.0015977598014801132
C00132,0.999088001334429,0.0009119986655709832
C00133,1.2790072919501142e-30,1.0
C00134,0.9999519664748509,4.8033525149089544e-05
C00135,6.370343322449058e-31,1.0
C00136,0.9999876033210193,1.2396678980652138e-05
C00137,0.5742285026166737,0.4257714973833268
C00138,0.9999952647846787,4.7352153213408105e-06
C00139,1.1878104400677494e-12,0.9999999999988121
C00140,0.9994516643621838,0.0005483356378162007
C00141,0.9131636838715954,0.0868363161284045
C00142,0.9899478379398056,0.010052162060194372
C00143,5.8859416314014505e-05,0.9999411405836856
C00144,0.12766310071921386,0.8723368992807864
C00145,4.490682592208549e-35,1.0
C00146,0.0003245845404512019,0.9996754154595486
C00147,0.9974563022812395,0.002543697718760547
C00148,0.9718140424796874,0.02818595752031288
C00149,4.510297494041677e-31,1.0
C00150,0.9999882523142867,1.174768571332973e-05
C00151,0.9999739577984038,2.6042201596233605e-05
C00152,0.009367170205769847,0.9906328297942298
C00153,0.9985001942274073,0.0014998057725925705
C00154,9.343938244576745e-45,1.0
C00155,0.39541185718267574,0.6045881428173242
C00156,2.3638679543934414e-21,1.0
C00157,0.5355126281818949,0.4644873718181051
C00158,0.9967988293855394,0.003201170614460631
C00159,0.9999902834477739,9.716552226258788e-06
C00160,3.621071758645685e-05,0.9999637892824137
C00161,0.9998373784622728,0.00016262153772715577
C00162,2.098484220659908e-39,1.0
C00163,2.0938724283315254e-99,1.0
C00164,0.995869728833945,0.004130271166055144
C00165,3.0210068004989402e-33,1.0
C00166,0.9982265680366843,0.0017734319633156486
C00167,0.9495579474912651,0.05044205250873464
C00168,5.785493823370625e-11,0.9999999999421458
C00169,0.9999959077084036,4.0922915963945405e-06
C00170,8.493245452121443e-05,0.9999150675454789
C00171,0.9999206388579075,7.936114209256637e-05
C00172,2.2426110038180053e-21,1.0
C00173,0.9999536483889271,4.635161107297443e-05
C00174,1.2780672346104451e-30,1.0
C00175,1.0394506167896412e-30,1.0
C00176,0.9933737293463076,0.0066262706536921595
C00177,0.9999566135087458,4.338649125428934e-05
C00178,0.9999783195054748,2.168049452523006e-05
C00179,0.9992314663691108,0.0007685336308892792
C00180,0.9982873348691178,0.001712665130881933
C00181,0.9999720717552603,2.7928244739765113e-05
C00182,0.022291992738549565,0.9777080072614502
C00183,4.907403529844027e-76,1.0
C00184,0.9992315261329056,0.0007684738670944804
C00185,0.9988351658457023,0.0011648341542976335
C00186,0.0012578411315072805,0.9987421588684925
C00187,2.6396924787273483e-23,1.0
C00188,0.9981821985526731,0.0018178014473271445
C00189,2.259580946771345e-05,0.999977404190532
C00190,0.9999577312040964,4.226879590374033e-05
C00191,2.860380582288588e-26,1.0
C00192,2.3116062753584863e-45,1.0
C00193,0.9997407595584549,0.0002592404415453668
C00194,3.453647989070595e-10,0.9999999996546354
C00195,2.0346275164422537e-51,1.0
C00196,0.9999625426307135,3.745736928655029e-05
C00197,0.99999448456945,5.515430550003979e-06
C00198,5.050081718691216e-35,1.0
C00199,1.0209399824041074e-27,1.0
C00200,0.9977944611797316,0.0022055388202685175
C00201,0.999985015181102,1.498481889793957e-05
C00202,0.9765874118177914,0.023412588182208528
C00203,3.545431224722361e-49,1.0
C00204,6.551262896837677e-14,0.9999999999999343
C00205,0.045456505253312136,0.9545434947466879
C00206,4.047896075755213e-43,1.0
C00207,0.9987664736315363,0.001233526368463772
C00208,2.707331319627255e-64,1.0
C00209,0.9975757461242242,0.0024242538757758172
C00210,0.9993904249997939,0.0006095750002061491
C00211,0.0008285270592666653,0.9991714729407329
C00212,5.761315326303564e-39,1.0
C00213,0.9996499234098573,0.0003500765901427195
C00214,0.8628521346199511,0.13714786538004892
C00215,0.9998320340173691,0.00016796598263097516
C00216,2.6609609099541574e-07,0.999999733903909
C00217,1.9985294387794746e-08,0.9999999800147055
C00218,0.9999539579886612,4.604201133877188e-05
C00219,6.403649954834857e-06,0.9999935963500451
C00220,0.00015627249415904482,0.9998437275058409
C00221,0.9192815993113477,0.08071840068865244
C00222,0.9994292805113998,0.0005707194886000286
C00223,0.9999616815402986,3.8318459701394696e-05
C00224,1.6275736986253013e-17,1.0
C00225,0.999980684159647,1.9315840353031703e-05
C00226,4.5241930616052014e-51,1.0
C00227,0.003082330312546522,0.9969176696874537
C00228,0.9998093137821737,0.00019068621782619957
C00229,2.5719620811410657e-15,0.9999999999999973
C00230,1.1035256820513568e-39,1.0
C00231,4.4955787664389986e-24,1.0
C00232,0.9999465591149933,5.344088500644724e-05
C00233,0.9443544578200198,0.055645542179980356
C00234,0.999818451564195,0.0001815484358049528
C00235,0.9999480315644326,5.1968435567309476e-05
C00236,0.9987763918417806,0.0012236081582194841
C00237,0.9985442120710453,0.0014557879289547775
C00238,4.769695687098977e-49,1.0
C00239,6.2397484273724e-40,1.0
C00240,0.9999773177713739,2.2682228626075815e-05
C00241,0.9996879230306716,0.0003120769693283724
C00242,7.304509848023892e-40,1.0
C00243,0.043659832710317044,0.9563401672896829
C00244,0.3096776462099138,0.690322353790086
C00245,0.9999587051760948,4.1294823905296304e-05
C00246,0.99800447471981,0.001995525280190098
C00247,4.023800974171704e-34,1.0
C00248,5.547904451688417e-45,1.0
C00249,0.9393723643665719,0.06062763563342813
C00250,0.794170212415567,0.2058297875844333
C00251,0.9999712473230542,2.875267694575329e-05
C00252,0.9046747868866365,0.09532521311336345
C00253,7.939152202463206e-25,1.0
C00254,2.903397765176042e-45,1.0
C00255,0.9999772364771446,2.276352285539537e-05
C00256,0.9561513590416395,0.04384864095836074
C00257,1.2792228566638498e-58,1.0
C00258,5.054094749723948e-35,1.0
C00259,0.9977003086218977,0.0022996913781023584
C00260,4.353704814337579e-35,1.0
C00261,0.9974467315239451,0.0025532684760548327
C00262,2.9703804982726606e-10,0.999999999702962
C00263,0.8338985805280577,0.1661014194719424
C00264,0.9988945550878295,0.001105444912170504
C00265,3.9389348625664867e-35,1.0
C00266,2.226167855385411e-13,0.9999999999997775
C00267,1.0992427447898926e-39,1.0
C00268,0.8049107032760422,0.19508929672395764
C00269,4.578372917254638e-35,1.0
C00270,1.3149255915221827e-12,0.9999999999986855
C00271,3.417843907659732e-39,1.0
C00272,1.763719904489447e-25,1.0
C00273,0.8541949972323636,0.14580500276763642
C00274,0.9990133558481329,0.0009866441518670641
C00275,0.0002937618169457798,0.9997062381830545
C00276,1.0985475849512929e-30,1.0
C00277,0.09585283002062751,0.9041471699793725
C00278,0.9939774242962508,0.006022575703748975
C00279,0.9999924881558433,7.511844156790855e-06
C00280,5.856942333810216e-10,0.9999999994143058
C00281,0.0033412844299621595,0.996658715570038
C00282,3.752359534177813e-51,1.0
C00283,0.0008317877273101836,0.9991682122726898
C00284,0.9730253343835534,0.02697466561644658
C00285,1.2262231969689699e-23,1.0
C00286,0.0003709735204928542,0.9996290264795071
C00287,1.0477525327800922e-29,1.0
C00288,0.9351188283500285,0.0648811716499715
C00289,3.2560074849636e-33,1.0
C00290,0.9982249946136369,0.001775005386363094
C00291,1.4091917421553142e-39,1.0
C00292,0.9981016590406083,0.001898340959391708
C00293,3.093136821730094e-44,1.0
C00294,0.997370363329027,0.002629636670973187
C00295,0.9998930406026727,0.00010695939732727909
C00296,0.9999795565789085,2.0443421091528234e-05
C00298,0.9998389432358412,0.00016105676415886048
C00299,0.9999839332887128,1.606671128721592e-05
C00300,0.9999893926348035,1.0607365196672228e-05
C00301,1.9901709333267358e-50,1.0
C00302,0.9998750629154275,0.00012493708457248726
C00303,0.9943463010493558,0.005653698950643993
C00304,0.9979170266464321,0.0020829733535679172
C00305,0.8950743810999452,0.1049256189000549
C00306,0.004724954001434724,0.9952750459985655
C00307,0.9816329429016841,0.018367057098315966
C00308,0.0011336548119200878,0.9988663451880798
C00309,2.591890538491316e-38,1.0
C00310,0.5902174864677728,0.4097825135322273
C00311,1.7095395255891438e-09,0.9999999982904604
C00312,3.4066708552044656e-35,1.0
C00313,2.9585465094456644e-06,0.9999970414534904
C00314,7.698748852736352e-38,1.0
C00315,1.717740981244782e-08,0.9999999828225902
C00316,4.331695950203885e-11,0.9999999999566835
C00317,0.9573834263693842,0.04261657363061559
C00318,3.871707523531134e-09,0.9999999961282926
C00319,0.9999528924553317,4.7107544668248845e-05
C00320,0.9999731728908784,2.6827109121754665e-05
C00321,0.9989504055599928,0.0010495944400072312
C00322,8.301455136983299e-58,1.0
C00323,0.5219622085906535,0.47803779140934644
C00324,0.9999852043701294,1.4795629870743053e-05
C00325,0.9999865770844831,1.342291551697958e-05
C00326,0.9991134866901329,0.0008865133098671695
C00327,0.010305679252723651,0.9896943207472763
C00328,0.995130186730215,0.004869813269784991
C00329,7.995219784077592e-40,1.0
C00330,0.9989788861816452,0.0010211138183547545
C00331,6.527772628080902e-56,1.0
C00332,0.997932106837088,0.0020678931629118506
C00333,0.9999951949379515,4.8050620483053456e-06
C00334,1.90682026445471e-20,1.0
C00335,1.4992393484253796e-05,0.9999850076065157
C00336,0.0057405860133410876,0.9942594139866587
C00337,0.10499443216513293,0.895005567834867
C00338,5.073789970708998e-12,0.9999999999949263
C00339,0.23811956553485844,0.7618804344651416
C00340,3.616006688685436e-24,1.0
C00341,0.999902525141787,9.747485821283566e-05
C00342,0.9999989237512167,1.0762487831276421e-06
C00343,0.8015355588855595,0.19846444111444086
C00344,0.5767479601349057,0.4232520398650941
C00345,0.999942823099742,5.717690025792555e-05
C00346,0.9999690180405126,3.098195948745153e-05
C00347,0.7664802808721006,0.23351971912789937
C00348,0.9963264944678585,0.0036735055321415995
C00349,1.4400896012040937e-34,1.0
C00350,0.9999875570167078,1.2442983292209739e-05
C00351,3.2275360017451608e-27,1.0
C00352,0.9348862289780314,0.06511377102196869
C00353,0.9998484268914873,0.00015157310851268983
C00354,0.9996301431002939,0.0003698568997061257
C00355,0.997921700170952,0.0020782998290479688
C00356,0.998464982437233,0.001535017562766989
C00357,0.9988595613707651,0.00114043862923491
C00358,0.9980393993218986,0.0019606006781017265
C00359,0.9743349124624583,0.025665087537541792
C00360,0.2273625132649664,0.772637486735034
C00361,2.783892966691355e-10,0.9999999997216107
C00362,1.0192903113844158e-09,0.9999999989807096
C00363,6.512425829384198e-07,0.9999993487574173
C00364,0.06758691478128277,0.9324130852187172
C00365,7.160476298535253e-39,1.0
C00366,0.9999998794029833,1.205970167223345e-07
C00367,0.9999910117767103,8.988223289537518e-06
C00368,3.436905350854782e-23,1.0
C00369,0.9994439332235496,0.0005560667764502851
C00370,0.9980316292719086,0.0019683707280913378
C00371,1.7913952541401475e-51,1.0
C00372,0.4186318100725368,0.5813681899274632
C00373,8.40268602119526e-31,1.0
C00375,4.647669122742763e-06,0.9999953523308773
C00376,0.9871853296652663,0.01281467033473367
C00377,0.9978038547288006,0.0021961452711992545
C00378,0.8264181773414777,0.17358182265852223
C00379,0.9990066397564548,0.0009933602435452586
C00380,0.9211337445215922,0.07886625547840778
C00381,0.9999609967246084,3.900327539168683e-05
C00382,0.997709047406613,0.0022909525933870294
C00383,0.9998667887191004,0.00013321128089966634
C00384,2.992354297420579e-44,1.0
C00385,0.37047943496093716,0.6295205650390627
C00386,0.9532113870215906,0.04678861297840926
C00387,0.9997906680720963,0.00020933192790375908
C00388,3.2089456587373096e-27,1.0
C00389,0.8710520310961787,0.12894796890382135
C00390,0.9900551280531125,0.009944871946887516
C00391,1.0054725499499744e-58,1.0
C00392,0.9819671575246975,0.018032842475302374
C00393,0.5685871558130248,0.43141284418697523
C00394,6.808646001299239e-23,1.0
C00395,0.9989008434959712,0.001099156504028854
C00396,0.9938558061284831,0.006144193871516856
C00397,1.1768762970877918e-25,1.0
C00398,0.9191909495498408,0.08080905045015917
C00399,0.9997177914082457,0.0002822085917543738
C00400,1.0295092795089042e-39,1.0
C00401,0.9999969689889064,3.0310110934994193e-06
C00402,0.9999594699279218,4.053007207816789e-05
C00403,5.0429370185707705e-06,0.9999949570629814
C00404,0.9999735003282819,2.6499671718036894e-05
C00405,0.9999719748805599,2.8025119440136713e-05
C00406,1.0269862621506296e-34,1.0
C00407,0.9955457018814778,0.004454298118522146
C00408,8.603486196184003e-06,0.9999913965138034
C00409,0.99949914309746,0.0005008569025397523
C00410,0.9999434038501395,5.659614986052767e-05
C00411,0.46713838934364077,0.5328616106563593
C00412,3.674737189138416e-21,1.0
C00413,0.9999478625513799,5.213744862001825e-05
C00414,8.977277259907879e-17,1.0
C00415,3.2112032628315816e-12,0.9999999999967888
C00416,6.38632387151817e-08,0.9999999361367611
C00417,0.9997172567795302,0.00028274322046983094
C00418,5.201368756381124e-35,1.0
C00419,0.9623632545823961,0.03763674541760408
C00420,0.9997186962456934,0.00028130375430664785
C00421,2.8705767186501644e-45,1.0
C00422,3.9705752103355654e-30,1.0
C00423,1.0648516689054301e-05,0.999989351483311
C00424,0.9884063253048534,0.011593674695146454
C00425,0.9997228566152064,0.00027714338479362154
C00426,3.529471613015049e-23,1.0
C00427,0.9999476838685909,5.2316131408873825e-05
C00428,3.252331321897052e-58,1.0
C00429,0.9999932982433812,6.7017566188912065e-06
C00430,0.9420630356367693,0.05793696436323063
C00431,0.9968443040805651,0.003155695919434599
C00432,0.9928682713061994,0.007131728693800585
C00433,0.9999861201656473,1.3879834352704358e-05
C00434,4.601888558603323e-64,1.0
C00435,4.053366797738018e-58,1.0
C00436,7.648933104532286e-40,1.0
C00437,0.7432101529670211,0.2567898470329789
C00438,0.999082411269074,0.0009175887309260145
C00439,0.6298771638023309,0.37012283619766895
C00440,0.9999921646763732,7.835323626961122e-06
C00441,9.287920865962788e-43,1.0
C00442,0.9889584216015737,0.011041578398426352
C00443,5.756336871728521e-31,1.0
C00444,9.069221494429085e-66,1.0
C00445,0.9996103017441904,0.00038969825580983545
C00446,0.9240609120296517,0.07593908797034819
C00447,0.9985392498151546,0.0014607501848453877
C00448,6.689371429489248e-31,1.0
C00449,0.9999853388176706,1.4661182329433917e-05
C00450,2.4439743134346454e-31,1.0
C00451,0.9985174670547368,0.0014825329452632112
C00452,0.996918625177155,0.0030813748228450608
C00453,3.098608405908328e-34,1.0
C00454,6.382567724894657e-06,0.9999936174322751
C00455,0.244109239306699,0.7558907606933014
C00456,0.9999986118446189,1.388155381271346e-06
C00457,0.9999915757860094,8.424213990476107e-06
C00458,0.998392882657909,0.001607117342090957
C00459,0.9979444227519134,0.002055577248086657
C00460,0.837179871591068,0.16282012840893206
C00461,3.756199317551142e-43,1.0
C00462,0.9980865820224137,0.0019134179775863705
C00463,4.4971167021022686e-06,0.999995502883298
C00464,0.6363682709059385,0.36363172909406155
C00465,0.9993450652350173,0.0006549347649825573
C00466,0.8452898865807539,0.15471011341924631
C00467,0.9598368975395987,0.04016310246040126
C00468,6.792230590517735e-11,0.9999999999320774
C00469,0.15131280809549522,0.8486871919045046
C00470,3.5136146789857777e-09,0.9999999964863857
C00471,0.9979991202605937,0.0020008797394062082
C00472,3.5945016900219984e-16,0.9999999999999996
C00473,1.4419451103334873e-21,1.0
C00474,0.009318569976479252,0.9906814300235207
C00475,3.4221363120247363e-50,1.0
C00476,3.507505340993452e-24,1.0
C00477,0.9997232663196987,0.0002767336803013341
C00478,0.994629901754626,0.005370098245374149
C00479,0.20368234099298535,0.7963176590070148
C00480,3.9721708811488447e-35,1.0
C00481,3.49795871092248e-35,1.0
C00482,0.01736800244127258,0.9826319975587272
C00483,8.135612981205995e-40,1.0
C00484,2.0656171159794928e-22,1.0
C00485,7.442129020045955e-35,1.0
C00486,0.029272475252266696,0.9707275247477332
C00487,6.0625964105028e-34,1.0
C00488,0.9957453603713948,0.004254639628605266
C00489,0.9983343690920726,0.0016656309079275842
C00490,0.03669484217636338,0.9633051578236365
C00491,0.29676835603869806,0.703231643961302
C00492,0.9786544584433219,0.021345541556678112
C00493,0.007048007161053557,0.9929519928389458
C00494,0.999996678797065,3.3212029351089846e-06
C00495,0.07994001422295208,0.9200599857770477
C00496,0.9513779659405033,0.04862203405949668
C00497,0.7748940963435538,0.22510590365644634
C00498,6.845081182357565e-26,1.0
C00499,0.9976700467705489,0.002329953229451137
C00500,0.9996641166921982,0.0003358833078017715
C00501,0.9946083698267236,0.005391630173276064
C00502,0.999980485006861,1.9514993139045892e-05
C00503,0.9993572928486191,0.0006427071513809587
C00504,0.22257405686339954,0.7774259431366005
C00505,0.9995430272945321,0.00045697270546794056
C00506,3.6205334690049695e-10,0.9999999996379465
C00507,0.9983641746893428,0.0016358253106571758
C00508,0.9978041027367891,0.00219589726321081
C00509,1.2092723083217572e-39,1.0
C00510,4.271616939315302e-45,1.0
C00511,0.9999598575903331,4.014240966667873e-05
C00512,8.240896078850666e-31,1.0
C00513,2.4924526389238944e-10,0.9999999997507547
C00514,4.930087774449036e-31,1.0
C00515,3.2547257102889167e-44,1.0
C00516,6.66830873102617e-10,0.9999999993331692
C00517,0.9731669465366813,0.02683305346331872
C00518,0.011890946828626896,0.988109053171373
C00519,0.9999845331573834,1.5466842616576194e-05
C00520,0.9999864856858816,1.3514314118502939e-05
C00521,3.4779106000044415e-27,1.0
C00522,2.7941034110027508e-08,0.9999999720589661
C00523,0.9993042939781114,0.0006957060218886769
C00524,3.768891605538538e-45,1.0
C00525,2.8110413637531484e-12,0.9999999999971889
C00526,0.9999991702590095,8.297409905093547e-07
C00527,0.9985118530369059,0.0014881469630941774
C00528,0.9853826800357083,0.014617319964291706
C00529,1.2595077129243533e-39,1.0
C00530,0.9984566937924448,0.0015433062075551232
C00531,0.7128238247734289,0.287176175226571
C00532,4.003371939472603e-35,1.0
C00533,0.4199377491506929,0.5800622508493072
C00534,0.00035580794702542377,0.9996441920529746
C00535,4.71600104913614e-31,1.0
C00536,0.9555935797401799,0.044406420259820105
C00537,6.848801064149421e-51,1.0
C00538,1.3046325364803233e-38,1.0
C00539,0.9979911827793091,0.0020088172206909147
C00540,0.9992471406402258,0.0007528593597741521
C00541,0.999997915700854,2.0842991459404186e-06
C00542,0.99947253651353,0.0005274634864701156
C00543,0.9999479961174187,5.200388258114511e-05
C00544,0.009964826910045013,0.9900351730899548
C00545,0.032388064758380936,0.9676119352416189
C00546,3.447996254299168e-14,0.9999999999999654
C00547,1.337430447497009e-22,1.0
C00548,0.999979866308292,2.0133691708031448e-05
C00549,0.006213363271083234,0.9937866367289167
C00550,0.06770559934828412,0.932294400651716
C00551,3.011887345682464e-33,1.0
C00552,7.463817612261225e-49,1.0
C00553,0.9999713766773392,2.8623322660847646e-05
C00554,7.242171459649198e-34,1.0
C00555,7.929777489130545e-38,1.0
C00557,0.9999169751309273,8.302486907278942e-05
C00558,0.9966479634214798,0.003352036578520305
C00559,0.8763781547896773,0.12362184521032257
C00560,1.637798264575038e-39,1.0
C00561,1.6451996646948927e-17,1.0
C00562,0.9999445271189491,5.547288105094834e-05
C00563,0.9987713975227029,0.001228602477297439
C00564,0.9998718808811442,0.00012811911885586994
C00565,0.9978686922874037,0.0021313077125961533
C00566,0.9999727702672103,2.7229732789754332e-05
C00567,2.3844131361126946e-27,1.0
C00568,0.9979544370787274,0.0020455629212723617
C00569,0.9984016358765269,0.00159836412347306
C00570,1.052690869883647e-43,1.0
C00571,0.9992650504718881,0.0007349495281117766
C00572,0.9996803334058452,0.0003196665941548327
C00573,0.998838524906255,0.0011614750937450164
C00574,0.9899497890118664,0.01005021098813411
C00575,0.9530553740128221,0.046944625987177746
C00576,0.9999914782912355,8.521708764468103e-06
C00577,0.005569385092484301,0.9944306149075157
C00578,0.9984760107001499,0.0015239892998499985
C00579,8.225694858685139e-51,1.0
C00580,0.8113490374863692,0.18865096251363103
C00581,0.9737185274751321,0.026281472524867684
C00582,3.676626038898111e-24,1.0
C00583,1.2146834176134585e-09,0.9999999987853165
C00584,0.9999712567572673,2.8743242732714224e-05
C00585,0.9986044182008573,0.001395581799142646
C00586,1.825167938328305e-14,0.9999999999999818
C00587,7.754510127286845e-08,0.9999999224548989
C00588,6.81804086782603e-24,1.0
C00589,1.4804316290416838e-51,1.0
C00590,0.9985313051842767,0.0014686948157233853
C00591,0.22227759975360012,0.7777224002463997
C00592,1.1882749172597436e-57,1.0
C00593,0.9993207777424183,0.000679222257581783
C00594,1.5769408501267332e-05,0.9999842305914989
C00595,9.916945414421552e-20,1.0
C00596,0.9997736793881822,0.00022632061181762625
C00597,0.9999293870086171,7.061299138281239e-05
C00598,0.9999138576964823,8.614230351769998e-05
C00599,0.49359881682387513,0.5064011831761247
C00600,0.9936927266040254,0.006307273395974698
C00601,0.9999431481003983,5.685189960161208e-05
C00602,0.8779368654248083,0.1220631345751914
C00603,0.9874002633152654,0.012599736684734571
C00604,0.9999951996983716,4.80030162844282e-06
C00605,0.9983145146368841,0.001685485363115855
C00606,0.9998047206460324,0.0001952793539675553
C00607,6.037635345376621e-31,1.0
C00608,0.567853183115447,0.4321468168845531
C00609,0.832670678494827,0.1673293215051731
C00610,0.9999402660293851,5.973397061493513e-05
C00611,0.6168316579186544,0.3831683420813455
C00612,0.9999715271046892,2.847289531078438e-05
C00613,0.9998875628349216,0.00011243716507817762
C00614,1.4966438395320294e-38,1.0
C00615,0.5565841662299783,0.4434158337700218
C00616,0.9999540383323754,4.596166762471202e-05
C00617,2.851670596475053e-16,0.9999999999999996
C00618,2.343748553752805e-31,1.0
C00619,6.261997228858565e-10,0.9999999993738005
C00620,0.9998228938939898,0.00017710610601022377
C00621,0.9998437955821414,0.00015620441785859802
C00622,0.9988655495663084,0.0011344504336916388
C00623,0.9995894613861498,0.0004105386138502487
C00624,0.999953579684011,4.642031598904473e-05
C00625,2.4996070240971322e-21,1.0
C00626,0.9997556596718481,0.0002443403281518801
C00627,1.1740389079608375e-49,1.0
C00628,0.025701218142861096,0.974298781857139
C00629,0.9999992343023867,7.656976134367167e-07
C00630,0.9906097578700875,0.009390242129912458
C00631,0.9986156786322168,0.0013843213677832836
C00632,3.194965248986183e-35,1.0
C00633,2.8191810956811708e-39,1.0
C00634,3.040476932941414e-51,1.0
C00635,4.4214999142307214e-07,0.9999995578500087
C00636,0.0001873251448431069,0.9998126748551569
C00637,0.999819814371787,0.00018018562821299649
C00638,0.9562127879134736,0.043787212086526243
C00639,0.9999782921791753,2.1707820824695147e-05
C00640,0.9932989217983668,0.006701078201633188
C00641,0.998880191794418,0.0011198082055819596
C00642,5.317349120530162e-31,1.0
C00643,8.296002483778701e-11,0.9999999999170397
C00644,0.62941173734056,0.3705882626594403
C00645,0.9999501205106569,4.987948934305804e-05
C00646,2.9482488129562785e-29,1.0
C00647,0.2722904166699134,0.7277095833300867
C00648,0.8410613082016383,0.15893869179836165
C00649,1.1840139795657216e-07,0.9999998815986019
C00650,1.3152367641333072e-11,0.9999999999868479
C00651,0.9521352982987169,0.04786470170128321
C00652,0.999947524719013,5.2475280986794096e-05
C00653,2.7962032818176963e-08,0.9999999720379669
C00654,0.9994356384946868,0.0005643615053132822
C00655,2.3692221512539263e-51,1.0
C00656,0.059740053826118585,0.9402599461738816
C00657,6.57241255590571e-08,0.9999999342758742
C00658,0.9731114012931004,0.02688859870689996
C00659,9.00278169531811e-35,1.0
C00660,3.7947703187424904e-08,0.999999962052297
C00661,0.9997872171630683,0.00021278283693174137
C00662,4.8938857212991904e-27,1.0
C00663,5.821810006187381e-12,0.999999999994178
C00664,0.05811327965513536,0.9418867203448649
C00665,0.020742662952642623,0.9792573370473574
C00666,0.9956813719396791,0.004318628060320945
C00667,0.998493916716731,0.0015060832832689754
C00668,1.2440231943231089e-39,1.0
C00669,7.696596923415245e-36,1.0
C00670,8.878522616677845e-76,1.0
C00671,0.9995331312820795,0.00046686871792050386
C00672,0.9999779659311262,2.203406887374487e-05
C00673,0.7833656680429414,0.21663433195705847
C00674,0.9724780328987896,0.02752196710121043
C00675,1.1937233862229078e-39,1.0
C00676,0.9999999278708581,7.212914155187916e-08
C00677,0.9987951564567233,0.0012048435432766653
C00678,1.4511734366572585e-39,1.0
C00679,3.237177062323653e-33,1.0
C00680,1.6101637245907218e-11,0.9999999999838982
C00681,1.2736445205477956e-15,0.9999999999999987
C00682,3.538474924341575e-34,1.0
C00683,0.9993839086683826,0.0006160913316175281
C00684,0.9988762404952194,0.0011237595047805667
C00685,6.904695276744028e-45,1.0
C00686,1.7458471558675913e-66,1.0
C00687,0.9994822598483533,0.0005177401516467077
C00688,0.9999465739713257,5.342602867421522e-05
C00689,0.03497086336809363,0.9650291366319063
C00690,2.208771391104919e-27,1.0
C00691,0.9989890604288804,0.0010109395711195806
C00692,2.625308022943925e-05,0.9999737469197707
C00693,7.3145017262223555e-09,0.9999999926854983
C00694,0.9986942571794019,0.0013057428205980699
C00695,0.2301794390129396,0.7698205609870603
C00696,0.9990286612054151,0.0009713387945848263
C00697,0.9471492519994309,0.05285074800056924
C00698,0.9744173716738959,0.025582628326104136
C00699,3.9533954143887847e-13,0.9999999999996048
C00700,5.942973969386826e-07,0.9999994057026033
C00701,0.015785645727502934,0.9842143542724971
C00702,0.0001251641494549346,0.9998748358505446
C00703,0.9999613137315518,3.868626844812439e-05
C00704,5.909862383428961e-07,0.9999994090137619
C00705,0.9995022594064001,0.0004977405935998519
C00706,0.9999999563179279,4.3682072262805845e-08
C00707,0.9791371204619217,0.020862879538077975
C00708,0.3438020321434368,0.6561979678565634
C00709,0.8542760420455386,0.1457239579544615
C00710,0.9999576114722347,4.238852776507765e-05
C00711,0.9478142338344644,0.05218576616553562
C00712,0.9999788338662151,2.1166133784976932e-05
C00713,0.9988790693752588,0.001120930624741143
C00714,0.9967339419891948,0.0032660580108050765
C00715,1.0322747084083779e-07,0.999999896772529
C00716,0.9947969986381162,0.005203001361883763
C00717,1.875373700954077e-05,0.9999812462629905
C00718,0.9999934450011385,6.554998861477751e-06
C00719,0.9997904938169341,0.00020950618306598713
C00720,0.9986583220069217,0.0013416779930782497
C00721,0.9986079206616714,0.0013920793383286614
C00722,3.37462562359613e-35,1.0
C00723,0.9999986071346038,1.3928653960572337e-06
C00724,8.792917671258625e-35,1.0
C00725,1.5767859791658792e-15,0.9999999999999984
C00726,3.910506744419668e-45,1.0
C00727,8.451304654002085e-38,1.0
C00728,0.9977345152553092,0.0022654847446908423
C00729,0.999557028728267,0.00044297127173279833
C00730,2.949081584433935e-51,1.0
C00731,6.993436791229138e-11,0.9999999999300657
C00732,2.189661022392895e-22,1.0
C00733,2.8450043882117976e-44,1.0
C00734,3.7911444228061097e-22,1.0
C00735,0.9976637119336498,0.0023362880663502566
C00736,0.00020416296796677626,0.9997958370320333
C00737,0.4239614421679342,0.5760385578320655
C00738,9.508982665135071e-07,0.9999990491017337
C00739,2.919591590328682e-28,1.0
C00740,1.0024596392882712e-07,0.9999998997540361
C00741,1.3835433784368425e-64,1.0
C00742,0.9618682038702498,0.038131796129750185
C00743,9.46351826645544e-31,1.0
C00744,0.9937821085358886,0.006217891464111498
C00745,0.017504509541949976,0.9824954904580501
C00746,0.004572519876587065,0.9954274801234131
C00747,0.9998657798825539,0.00013422011744614412
C00748,0.9969204029008987,0.003079597099101378
C00749,0.9984893061209396,0.0015106938790603796
C00750,4.572935196540161e-45,1.0
C00751,5.356971242960437e-45,1.0
C00752,5.113733601097227e-30,1.0
C00753,0.21115390289861988,0.7888460971013803
C00754,0.999992084665254,7.915334745855702e-06
C00755,5.37366792429678e-12,0.9999999999946263
C00756,3.8598571038377765e-08,0.9999999614014289
C00757,0.9999028081189825,9.719188101758686e-05
C00758,1.9145156007072606e-08,0.9999999808548441
C00759,0.00027978134789239143,0.9997202186521077
C00760,0.05588221049301234,0.9441177895069875
C00761,2.9647310769516995e-45,1.0
C00762,4.0650509060268487e-39,1.0
C00763,3.9396753042218234e-35,1.0
C00764,0.9999976336556171,2.366344383066955e-06
C00765,2.252454594729411e-14,0.9999999999999774
C00766,1.8309793828511987e-21,1.0
C00767,1.8108822524122385e-39,1.0
C00768,8.074958713763132e-21,1.0
C00769,0.9997483246916438,0.0002516753083562601
C00770,2.2532290796365653e-99,1.0
C00771,0.9997591819237283,0.0002408180762713506
C00772,0.9456306430725824,0.0543693569274175
C00773,0.9983767663595415,0.00162323364045847
C00774,1.6167875622523428e-39,1.0
C00775,0.9999997392337241,2.607662762254128e-07
C00776,0.4993718481689679,0.500628151831032
C00777,0.2431023902316729,0.756897609768327
C00778,0.9999699995413529,3.000045864714086e-05
C00779,0.356640113680155,0.6433598863198446
C00780,2.2345111413128165e-27,1.0
C00781,0.9986820300061324,0.0013179699938675655
C00782,0.9424691366787761,0.05753086332122405
C00783,0.9999179134610804,8.208653891949079e-05
C00784,0.9998046718706735,0.00019532812932663548
C00785,3.433891035851731e-35,1.0
C00786,0.9988147157689666,0.0011852842310333357
C00787,9.044937578295714e-40,1.0
C00788,0.9234981273151659,0.07650187268483416
C00789,0.9999539946331121,4.600536688790651e-05
C00790,6.756523431814444e-10,0.9999999993243476
C00791,4.103156251111022e-51,1.0
C00792,1.2646630816511875e-38,1.0
C00793,2.483801831127302e-21,1.0
C00794,1.149522000776678e-58,1.0
C00795,1.1575678510222361e-15,0.9999999999999989
C00796,4.2901146832633687e-44,1.0
C00797,1.198650205845172e-05,0.9999880134979416
C00798,0.9804453383999712,0.01955466160002894
C00799,0.9996203596495133,0.00037964035048686516
C00800,0.997105219037944,0.002894780962055978
C00801,3.593394645201992e-58,1.0
C00802,0.9998475917980453,0.00015240820195474065
C00803,0.837203157971509,0.16279684202849112
C00804,1.8728799936530893e-30,1.0
C00805,4.925354715171702e-45,1.0
C00806,0.9982540556251769,0.001745944374823113
C00807,5.719939998088072e-35,1.0
C00808,0.40715918121363015,0.59284081878637
C00809,0.9999854989188846,1.4501081115517803e-05
C00810,9.119708369422707e-13,0.9999999999990878
C00811,8.62556495690384e-33,1.0
C00812,0.9999772131958549,2.278680414513758e-05
C00813,0.7229131319756708,0.27708686802432936
C00814,5.17854629155241e-30,1.0
C00815,0.9999824297623496,1.7570237650300588e-05
C00816,0.9992898660665753,0.0007101339334247172
C00817,0.9950119905184371,0.004988009481562872
C00818,0.061263871269784935,0.9387361287302152
C00819,6.453709004756615e-30,1.0
C00820,3.931362056630711e-14,0.9999999999999605
C00821,0.4807982025612605,0.5192017974387395
C00822,5.584317235380084e-31,1.0
C00823,0.49774829168213797,0.5022517083178619
C00824,0.9983088730626873,0.0016911269373126737
C00825,2.7617212550935345e-39,1.0
C00826,0.9971821151101781,0.002817884889821682
C00827,8.312161458693555e-39,1.0
C00828,0.9975005713417813,0.002499428658218608
C00829,8.050893954123825e-21,1.0
C00830,0.9969673217856256,0.003032678214374372
C00831,0.11753028886931012,0.8824697111306898
C00832,1.992517796252752e-22,1.0
C00833,0.9968740231165136,0.0031259768834864133
C00834,0.8072839450514833,0.1927160549485168
C00835,0.9995541619119263,0.0004458380880738214
C00836,0.99996228026197,3.7719738029958364e-05
C00837,0.989886539430006,0.01011346056999381
C00838,8.86109508530804e-07,0.9999991138904916
C00839,0.37830939857513673,0.6216906014248628
C00840,0.9516571412506408,0.048342858749359646
C00841,0.9985223656625155,0.0014776343374845592
C00842,0.9237644449895146,0.07623555501048536
C00843,4.490523520768359e-31,1.0
C00844,1.946861751909621e-27,1.0
C00845,0.9889575577405052,0.011042442259494705
C00846,2.014087910393707e-27,1.0
C00847,0.9864017996686824,0.013598200331317587
C00848,4.06601007010987e-06,0.99999593398993
C00849,0.9999682397012707,3.176029872937044e-05
C00850,9.862383154401707e-40,1.0
C00851,2.797680184775766e-26,1.0
C00852,0.9980862080916427,0.001913791908357257
C00853,0.9998644880070151,0.00013551199298490342
C00854,2.2780640332440808e-26,1.0
C00855,0.9946658296799011,0.0053341703200988026
C00856,0.9472882267612117,0.052711773238788215
C00857,0.9999305728416166,6.942715838345525e-05
C00858,0.7811645821454438,0.2188354178545563
C00859,0.06980281918299358,0.9301971808170061
C00860,0.9999967271664012,3.2728335987377144e-06
C00861,0.9969823511560078,0.0030176488439923642
C00862,0.9999462185360374,5.378146396260399e-05
C00863,0.9049196342462658,0.0950803657537343
C00864,2.3318412654542203e-39,1.0
C00865,0.9999545423926934,4.545760730642131e-05
C00866,0.9999746011525524,2.539884744762234e-05
C00867,0.24409384609116253,0.7559061539088379
C00868,1.996119928545877e-13,0.9999999999998006
C00869,3.7597273170739643e-11,0.9999999999624025
C00870,0.9996906364513036,0.0003093635486963523
C00871,1.019799538928452e-09,0.9999999989802006
C00872,0.9982294889552904,0.0017705110447096206
C00873,2.3793337280029617e-21,1.0
C00874,0.8889438843513617,0.11105611564863822
C00875,0.39561927437672445,0.6043807256232754
C00876,7.78376931133045e-33,1.0
C00877,9.360546189200471e-67,1.0
C00878,0.12693490696567375,0.8730650930343261
C00879,0.9999676478805677,3.235211943231659e-05
C00880,5.456869797732069e-35,1.0
C00881,0.3508289834759013,0.6491710165240987
C00882,0.999694647452693,0.00030535254730708615
C00883,0.9999465889785526,5.3411021447342946e-05
C00884,2.58205135270055e-44,1.0
C00885,0.0061766585589061685,0.9938233414410937
C00886,2.1228686390928478e-42,1.0
C00887,7.911320176823817e-17,1.0
C00888,0.2143890902468313,0.7856109097531685
C00889,0.33432558944373386,0.6656744105562662
C00890,8.603036281226911e-31,1.0
C00891,0.9999520830949234,4.791690507656901e-05
C00892,0.0001046881143102523,0.9998953118856889
C00893,1.3206887735533115e-15,0.9999999999999987
C00894,0.9999693880934413,3.061190655874076e-05
C00895,0.9999964583386298,3.541661370296386e-06
C00896,1.3365802783376765e-39,1.0
C00897,1.3364775151835075e-29,1.0
C00898,3.593740666626315e-06,0.9999964062593332
C00899,0.9999956206288465,4.379371153641443e-06
C00900,0.9997733462721932,0.00022665372780691082
C00901,1.218630833354e-08,0.9999999878136916
C00902,4.651654424059442e-45,1.0
C00903,0.9990760430720338,0.0009239569279663433
C00904,0.9999491604611096,5.083953889034438e-05
C00905,0.768039541456295,0.2319604585437049
C00906,0.39314131185487955,0.6068586881451206
C00907,3.583492715124732e-45,1.0
C00908,9.193434859234138e-40,1.0
C00909,8.288866189153871e-45,1.0
C00910,0.9999632375518004,3.676244819956999e-05
C00911,0.9999933603021512,6.639697848605381e-06
C00912,0.9993420619426234,0.0006579380573763827
C00913,0.9999781865694253,2.181343057469649e-05
C00914,0.999969176492791,3.0823507209014324e-05
C00915,0.9988807529398547,0.0011192470601453489
C00916,1.7674157630492222e-51,1.0
C00917,2.217794234367771e-56,1.0
C00918,6.069182969729328e-11,0.9999999999393081
C00919,0.17470256262383613,0.8252974373761639
C00920,3.0154553914785253e-07,0.9999996984544606
C00921,0.9972761851522601,0.0027238148477398733
C00922,0.6654241145152795,0.3345758854847205
C00923,0.9997054470193796,0.0002945529806204801
C00924,1.0622863946445337e-38,1.0
C00925,0.896263600526181,0.10373639947381884
C00926,3.4426008688375374e-51,1.0
C00927,0.999869639479899,0.00013036052010102469
C00928,0.44900745131888625,0.5509925486811137
C00929,0.3235395044176866,0.6764604955823136
C00930,0.0004884387284938103,0.9995115612715063
C00931,2.765248082735903e-27,1.0
C00932,3.989289147026634e-45,1.0
C00933,0.9989991458234427,0.0010008541765573608
C00934,0.9999857930697295,1.4206930270623195e-05
C00935,3.11813062996983e-15,0.9999999999999964
C00936,0.9991171469613563,0.0008828530386436104
C00937,9.772013865923288e-74,1.0
C00938,0.9999737642612188,2.6235738781222662e-05
C00939,1.0890016785606352e-33,1.0
C00940,1.6261004622287776e-51,1.0
C00941,0.9999596363260311,4.036367396892201e-05
C00942,4.491939327203636e-31,1.0
C00943,4.529435752508534e-06,0.9999954705642476
C00944,0.813509038929396,0.18649096107060392
C00945,4.1548450474916736e-08,0.9999999584515495
C00946,0.9953923233262821,0.004607676673717802
C00947,0.9987248456227035,0.0012751543772965136
C00948,0.9999014188091412,9.858119085882313e-05
C00949,1.9665873853335178e-39,1.0
C00950,0.9999966237031279,3.376296872384688e-06
C00951,3.2636677992437516e-18,1.0
C00952,1.6999052702755935e-36,1.0
C00953,1.4779936286779659e-08,0.9999999852200636
C00954,0.17235594949870597,0.8276440505012942
C00955,0.9973860362730154,0.0026139637269847068
C00956,0.9985284825376763,0.0014715174623236237
C00957,0.998536650074271,0.0014633499257283886
C00958,0.8815995449380902,0.1184004550619097
C00959,0.779767422408866,0.22023257759113393
C00960,0.5247257337786951,0.4752742662213048
C00961,0.9994611508822897,0.0005388491177102887
C00962,4.156359715295881e-21,1.0
C00963,9.744390361627652e-40,1.0
C00964,0.9999583944505591,4.160554944096844e-05
C00965,0.0034770640287050372,0.9965229359712949
C00966,0.9999244764541588,7.55235458411797e-05
C00967,2.0899769943757447e-06,0.9999979100230056
C00968,0.9492905125470406,0.05070948745295946
C00969,6.660574171282607e-27,1.0
C00970,3.394461555817679e-26,1.0
C00971,2.6133561858928434e-05,0.999973866438141
C00972,3.7842367763322514e-14,0.9999999999999623
C00973,0.9997486350405352,0.00025136495946470844
C00974,3.0361418616793826e-43,1.0
C00975,0.6086834498164851,0.3913165501835153
C00976,0.9900425543565065,0.009957445643493596
C00977,4.121247586114131e-23,1.0
C00978,0.15140605612555905,0.8485939438744408
C00979,4.1503466627463525e-35,1.0
C00980,0.9984546016137331,0.0015453983862669083
C00981,0.9984584097380333,0.0015415902619666353
C00982,0.9998439378917157,0.00015606210828431627
C00983,0.9991331576091955,0.0008668423908044188
C00984,0.00010501459656416006,0.9998949854034361
C00985,0.9662333835962091,0.03376661640379094
C00986,0.9802805862004221,0.019719413799577905
C00987,9.169216139556021e-45,1.0
C00988,6.860995444653979e-31,1.0
C00989,0.9999992766944246,7.233055752789316e-07
C00990,0.940976463002208,0.05902353699779197
C00991,0.999972722508895,2.7277491104842804e-05
C00992,0.9926331610044877,0.007366838995512228
C00993,5.558452380411855e-11,0.9999999999444156
C00994,0.999943002347798,5.69976522019411e-05
C00995,0.09909928534138464,0.9009007146586154
C00996,0.9811388399690321,0.0188611600309683
C00997,2.003158974744892e-09,0.999999997996841
C00998,0.9999945321531998,5.467846800162575e-06
C00999,5.9167497707823335e-31,1.0
C01000,1.2522538844782946e-37,1.0
C01001,0.9578725729551631,0.04212742704483681
C01002,5.44474085123163e-06,0.9999945552591488
C01003,3.771088311783618e-45,1.0
C01004,0.15749671135298587,0.8425032886470142
C01005,1.0171541809185204e-19,1.0
C01006,0.9997421012184324,0.0002578987815676779
C01007,2.0783187849352462e-66,1.0
C01008,0.9982413976084497,0.001758602391550352
C01009,0.000176528938863779,0.9998234710611358
C01010,0.9997526191217738,0.0002473808782261892
C01011,0.9994221574173618,0.0005778425826381557
C01012,0.005998339286811753,0.9940016607131883
C01013,0.9983761787367952,0.001623821263204826
C01014,9.719483538954339e-31,1.0
C01015,1.491664718130234e-07,0.9999998508335284
C01016,0.9967145428237131,0.0032854571762870074
C01017,0.9999722174749214,2.7782525078580685e-05
C01018,1.6653579104668536e-11,0.9999999999833464
C01019,0.39909887838848734,0.6009011216115127
C01020,0.9992226128508853,0.0007773871491146575
C01021,0.9999916423899494,8.357610050559912e-06
C01022,0.9994380104809675,0.0005619895190325437
C01023,0.8070184605686985,0.19298153943130114
C01024,0.950335513394696,0.049664486605303836
C01025,8.473977337787183e-09,0.9999999915260225
C01026,0.9997828240354384,0.00021717596456164926
C01027,4.068367585031025e-11,0.9999999999593165
C01028,0.9989134669819753,0.001086533018024748
C01029,4.2508643505754626e-35,1.0
C01030,0.9964551525876469,0.003544847412353172
C01031,0.006676250969126804,0.9933237490308733
C01032,0.8009902523590674,0.19900974764093302
C01033,0.9990829108177331,0.0009170891822668697
C01034,0.0003158307773282325,0.9996841692226718
C01035,0.5439944869329608,0.4560055130670394
C01036,2.901443708056882e-27,1.0
C01037,0.00543217518565311,0.9945678248143466
C01038,0.9996247717205604,0.0003752282794395945
C01039,4.7787373062693956e-31,1.0
C01040,1.954018000145016e-34,1.0
C01041,0.045058050464651805,0.9549419495353483
C01042,0.9999507857340981,4.9214265901709864e-05
C01043,0.7937308648036021,0.2062691351963978
C01044,8.53559732092402e-18,1.0
C01045,8.706573782876351e-38,1.0
C01046,2.1096728267017633e-34,1.0
C01047,0.9978341089420745,0.0021658910579255846
C01048,0.9794757655575234,0.020524234442476755
C01049,3.1356428567182884e-05,0.9999686435714329
C01050,0.9992712376063556,0.0007287623936443946
C01051,2.5806442609089032e-27,1.0
C01052,4.676554786277222e-45,1.0
C01053,3.2372989666616214e-58,1.0
C01054,3.339127115856634e-45,1.0
C01055,0.9591579575569944,0.04084204244300573
C01056,0.9999528368313213,4.7163168678621854e-05
C01057,5.911451091383075e-40,1.0
C01058,0.9981261642877183,0.0018738357122817626
C01059,0.021327732550671753,0.9786722674493283
C01060,0.9996971184734621,0.0003028815265378976
C01061,0.5028999285305016,0.49710007146949814
C01062,0.9810866531729946,0.018913346827005375
C01063,0.37373560058855176,0.6262643994114483
C01064,1.3106663622321125e-22,1.0
C01065,0.9997994577496899,0.0002005422503100254
C01066,3.522938263800003e-51,1.0
C01067,0.999981968536297,1.8031463703077452e-05
C01068,1.7185430690288456e-44,1.0
C01069,9.952054982714567e-31,1.0
C01070,0.9794951428007159,0.020504857199284014
C01071,0.8779739233844704,0.12202607661552946
C01072,0.9998412326444958,0.00015876735550438698
C01073,0.9955508957886068,0.0044491042113932
C01074,0.9999145417056367,8.545829436336611e-05
C01075,4.414593428756157e-11,0.999999999955854
C01076,0.0003952982953200029,0.9996047017046804
C01077,0.9999666362980567,3.336370194330727e-05
C01078,0.9991816026666379,0.0008183973333619932
C01079,7.758351601877406e-51,1.0
C01080,6.542235093602382e-40,1.0
C01081,0.9999784840654347,2.1515934565248855e-05
C01082,0.9999864840585939,1.3515941406365016e-05
C01083,0.9984986520101758,0.001501347989824184
C01084,0.992338465888956,0.007661534111043949
C01086,0.9999992687436916,7.312563083908156e-07
C01087,0.9979155273581002,0.002084472641899804
C01088,0.9948058609543858,0.005194139045614125
C01089,0.9999590860419988,4.091395800122079e-05
C01090,1.5682497889600222e-23,1.0
C01091,0.07214901350091177,0.9278509864990881
C01092,4.961188446802233e-24,1.0
C01093,4.052301584930012e-35,1.0
C01094,0.9999869034709514,1.3096529048686095e-05
C01095,1.1747632195069595e-39,1.0
C01096,9.275200234543076e-87,1.0
C01097,0.9999863810805546,1.3618919445516922e-05
C01098,0.9937057554651945,0.006294244534805518
C01099,5.560558313135369e-19,1.0
C01100,3.0078106431976453e-65,1.0
C01101,4.71658350912708e-35,1.0
C01102,0.1781411413367069,0.8218588586632931
C01103,0.9999462947484768,5.370525152315764e-05
C01104,1.7471804148469282e-12,0.999999999998253
C01105,0.9999764714017337,2.3528598266210985e-05
C01106,1.287790757397058e-07,0.9999998712209245
C01107,6.010267512943239e-58,1.0
C01108,0.9999942585725737,5.74142742619124e-06
C01109,3.331399714594979e-11,0.9999999999666862
C01110,5.451010656549123e-23,1.0
C01111,4.867015961162016e-35,1.0
C01112,0.9204746181675747,0.07952538183242516
C01113,0.9905157949883365,0.009484205011663457
C01114,0.999317768251045,0.0006822317489549928
C01115,4.198950712428201e-30,1.0
C01116,2.7674247222165106e-10,0.9999999997232578
C01117,0.9994647322872812,0.0005352677127190338
C01118,1.4385954153696834e-06,0.9999985614045848
C01119,0.9999998547571279,1.4524287163638092e-07
C01120,0.9990334279671826,0.0009665720328173337
C01121,0.000910886226590366,0.9990891137734095
C01122,0.999967546271381,3.2453728619015704e-05
C01123,2.3972453166678965e-09,0.9999999976027549
C01124,0.024074286414302787,0.9759257135856971
C01125,0.9997742210037014,0.00022577899629928582
C01126,0.9989813076847773,0.0010186923152226042
C01127,0.9988979434920147,0.0011020565079853048
C01128,0.9809349028039203,0.019065097196079864
C01129,0.9999671869879313,3.281301206877297e-05
C01130,0.9999724391289683,2.7560871031660587e-05
C01131,0.36398780766462385,0.6360121923353762
C01132,2.6430952945036977e-06,0.9999973569047051
C01133,0.9998017309819973,0.00019826901800286655
C01134,0.9349972842668982,0.06500271573310193
C01135,4.5610236905399157e-35,1.0
C01136,0.8964772579559781,0.1035227420440221
C01137,1.6188343692959512e-22,1.0
C01138,4.915824747716278e-10,0.9999999995084177
C01139,0.9974196058932862,0.0025803941067138628
C01140,3.386325099909158e-45,1.0
C01141,0.9999833337412937,1.6666258706456674e-05
C01142,0.9999466135602884,5.338643971167435e-05
C01143,0.9995940868496066,0.000405913150393379
C01144,2.7308043925097965e-51,1.0
C01145,8.048608426781995e-27,1.0
C01146,0.9997002449544198,0.00029975504558021903
C01147,0.9999820482973583,1.7951702641727047e-05
C01148,0.8033140705866262,0.1966859294133737
C01149,0.9888794707917244,0.011120529208275599
C01150,2.783497210420816e-17,1.0
C01151,0.9968472412722211,0.003152758727778864
C01152,4.838230079494796e-06,0.9999951617699206
C01153,5.1504974588799457e-11,0.999999999948495
C01154,0.4494180020982819,0.550581997901718
C01155,4.160852736163135e-35,1.0
C01156,1.8028428136593505e-51,1.0
C01157,2.898641247684545e-09,0.9999999971013587
C01158,0.9994951223046297,0.0005048776953704066
C01159,0.9982541222438063,0.001745877756193786
C01160,1.0645795911539254e-50,1.0
C01161,0.9906272928290959,0.009372707170904047
C01162,0.9848868519326063,0.01511314806739374
C01163,1.6179798752096134e-51,1.0
C01164,2.236050703188589e-08,0.999999977639493
C01165,0.9972895679934646,0.002710432006535366
C01166,0.9999828422294159,1.7157770584086637e-05
C01167,0.9998711373813853,0.000128862618614689
C01168,0.9991295180480081,0.0008704819519919451
C01169,8.766851011612923e-21,1.0
C01170,1.3248566764900764e-34,1.0
C01171,0.30101283906361287,0.6989871609363872
C01172,2.3887748966964454e-05,0.9999761122510328
C01173,0.9983100593208979,0.0016899406791021662
C01174,0.9932354428557576,0.006764557144242365
C01175,0.999905150585137,9.484941486307601e-05
C01176,2.3260914287119152e-05,0.9999767390857129
C01177,0.1042205295194725,0.8957794704805274
C01178,3.2665542382423095e-12,0.9999999999967333
C01179,2.875862449846168e-44,1.0
C01180,0.9999934924320849,6.507567915166654e-06
C01181,6.548466867460388e-31,1.0
C01182,0.8533246723240173,0.1466753276759825
C01183,8.288612501851802e-25,1.0
C01184,3.435667577685414e-35,1.0
C01185,0.9997234472825193,0.0002765527174807356
C01186,2.7032268997616582e-33,1.0
C01187,0.9980530867261573,0.0019469132738425847
C01188,3.157012676092962e-16,0.9999999999999996
C01189,0.9990857583455267,0.0009142416544733338
C01190,0.9912191175588917,0.008780882441108294
C01191,9.520468685342545e-38,1.0
C01192,0.9999736019991118,2.639800088808204e-05
C01193,0.9997374212417737,0.0002625787582263224
C01194,0.9994338143617656,0.0005661856382341885
C01195,0.00011553291752753395,0.9998844670824726
C01196,3.091856980475054e-11,0.9999999999690814
C01197,0.11536648541173088,0.8846335145882693
C01198,7.756788922922353e-14,0.9999999999999225
C01199,0.9982635311728222,0.0017364688271777821
C01200,0.9977562063504184,0.002243793649581654
C01201,0.993479331257749,0.006520668742250983
C01202,0.9997523970750969,0.000247602924903055
C01203,0.9989339033096187,0.0010660966903812657
C01204,2.6682753034313265e-33,1.0
C01205,6.041521940087488e-18,1.0
C01206,0.9934813250501379,0.0065186749498620895
C01207,6.113013946946987e-05,0.9999388698605305
C01208,1.0883697755133654e-08,0.9999999891163025
C01209,4.8123247043510676e-58,1.0
C01210,0.9968026426486429,0.003197357351357116
C01211,0.9999777963914175,2.220360858253918e-05
C01212,0.004445933660676743,0.9955540663393232
C01213,1.5476685495681826e-50,1.0
C01214,9.582098573825757e-40,1.0
C01215,0.978499135967557,0.021500864032442925
C01216,1.8695355063346722e-66,1.0
C01217,0.01995914441591732,0.9800408555840828
C01218,0.10910518253252115,0.8908948174674788
C01219,3.786942781810516e-58,1.0
C01220,1.6737839424171752e-86,1.0
C01221,8.052969262987987e-07,0.9999991947030736
C01222,0.999949402379457,5.059762054300428e-05
C01223,0.23416523914097828,0.7658347608590214
C01224,5.464819727757273e-31,1.0
C01225,0.9999640603109042,3.5939689095759705e-05
C01226,0.99935769272836,0.0006423072716401857
C01227,0.9982221417206888,0.0017778582793111703
C01228,0.9970660430615217,0.002933956938478293
C01229,3.709940314170114e-29,1.0
C01230,1.1446299092883913e-19,1.0
C01231,0.9974435348483413,0.0025564651516585975
C01232,2.466555958913395e-21,1.0
C01233,0.9442010928518139,0.055798907148186166
C01234,5.482222125918391e-31,1.0
C01235,1.0312833335226468e-56,1.0
C01236,9.8097056559828e-11,0.9999999999019029
C01237,8.883907952138018e-35,1.0
C01238,2.1286452014637948e-08,0.9999999787135481
C01239,3.543643509491321e-66,1.0
C01240,0.9977141667728339,0.002285833227166264
C01241,1.1358314972926151e-12,0.999999999998864
C01242,0.9444335124585664,0.055566487541433555
C01243,5.562501523553275e-35,1.0
C01244,3.763087563398786e-12,0.9999999999962368
C01245,5.186371001864504e-35,1.0
C01246,0.9999586356249327,4.136437506730993e-05
C01247,0.05477844721104184,0.9452215527889584
C01248,0.9999997208897476,2.7911025195779513e-07
C01249,0.8389726208465986,0.16102737915340173
C01250,1.8250394999853256e-50,1.0
C01251,6.541802954801389e-20,1.0
C01252,0.0021285946667769988,0.997871405333223
C01253,0.15460300556245604,0.8453969944375438
C01254,2.3840890192482002e-51,1.0
C01255,0.9999907108184586,9.28918154143852e-06
C01256,0.9425582672752993,0.05744173272470068
C01257,0.9997723007752038,0.00022769922479605822
C01258,0.026334599597125134,0.9736654004028746
C01259,0.9998687531933095,0.00013124680669060923
C01260,0.9338290322132801,0.06617096778671995
C01261,0.008507414387028085,0.9914925856129718
C01262,5.087397940004681e-30,1.0
C01263,0.9999979443045293,2.0556954705871814e-06
C01264,0.3966338531202705,0.6033661468797296
C01265,0.9999846084936391,1.5391506360878407e-05
C01266,3.4319337041294796e-06,0.9999965680662957
C01267,0.999988214925582,1.1785074417670536e-05
C01268,0.9999824763012206,1.7523698779264783e-05
C01269,0.9974292498861473,0.0025707501138526392
C01270,0.9996771075868615,0.00032289241313864664
C01271,1.4837918287697271e-15,0.9999999999999987
C01272,1.1134596216474786e-50,1.0
C01273,0.7210876028369192,0.2789123971630811
C01274,2.2167356642820184e-25,1.0
C01275,0.00010841142744882657,0.9998915885725508
C01276,0.00047402695959648637,0.9995259730404031
C01277,1.188982093617151e-09,0.9999999988110178
C01278,0.9999831620966404,1.6837903359561226e-05
C01279,0.9711315117744274,0.0288684882255726
C01280,0.010437768949327917,0.9895622310506721
C01281,0.022197734495074208,0.9778022655049259
C01282,0.00997158320965976,0.9900284167903401
C01283,0.9999589888713718,4.101112862817432e-05
C01284,0.9999995816699339,4.18330066475082e-07
C01285,0.9999517567821649,4.824321783510686e-05
C01286,1.222023848827812e-18,1.0
C01287,7.1316071657941855e-19,1.0
C01288,0.990158001704757,0.009841998295242753
C01289,0.004127562398353592,0.9958724376016466
C01290,0.8976338481373572,0.10236615186264272
C01291,0.45437421318067356,0.5456257868193264
C01292,0.7673053716587853,0.23269462834121452
C01293,4.272095483725161e-17,1.0
C01294,3.969441898236247e-51,1.0
C01295,2.9775802912429558e-28,1.0
C01296,0.00015631458542630182,0.9998436854145736
C01297,6.192539179365459e-40,1.0
C01298,0.922669005633441,0.07733099436655907
C01299,4.490127670046589e-31,1.0
C01300,1.7419241123107878e-58,1.0
C01301,0.9957558220646417,0.004244177935358334
C01302,0.9986499516053039,0.0013500483946960508
C01303,0.32966752006250993,0.6703324799374899
C01304,0.9999282079239764,7.17920760237305e-05
C01305,0.9999752221913196,2.4777808680411213e-05
C01306,0.9984092075377935,0.0015907924622064829
C01307,0.9989755238728166,0.0010244761271835197
C01308,8.378048636737419e-15,0.9999999999999916
C01309,0.017198509774522523,0.9828014902254776
C01310,3.556549473408151e-24,1.0
C01311,0.999979695476456,2.030452354398464e-05
C01312,0.5748417719564116,0.42515822804358844
C01313,2.728736498816992e-45,1.0
C01314,5.401737440249718e-35,1.0
C01315,0.08158249869604238,0.9184175013039575
C01316,0.9850709601248424,0.014929039875158041
C01317,3.648904019877755e-13,0.9999999999996352
C01318,0.9986652688957627,0.0013347311042372326
C01319,0.9930893108032761,0.006910689196723849
C01320,0.9941873707255893,0.0058126292744110465
C01321,0.9993911129169436,0.0006088870830563908
C01322,4.5196083644651395e-45,1.0
C01323,0.9712332355467134,0.02876676445328672
C01324,0.01090297092644214,0.9890970290735579
C01325,0.9988588966594963,0.0011411033405037047
C01326,4.754429910290476e-31,1.0
C01327,0.7482209811136525,0.25177901888634746
C01328,6.6841064961720935e-40,1.0
C01329,3.464114713756794e-36,1.0
C01330,0.9999671507393652,3.2849260634708216e-05
C01331,0.7731052082139158,0.22689479178608418
C01332,0.25816015579240126,0.7418398442075989
C01333,0.9999188567383274,8.114326167255139e-05
C01334,0.9999705086260989,2.9491373901114523e-05
C01335,0.9999842325805417,1.5767419458342223e-05
C01336,2.7685650905027207e-22,1.0
C01337,0.20464953572084515,0.7953504642791553
C01338,0.9564292806268858,0.043570719373114145
C01339,5.036070658705893e-31,1.0
C01340,7.209785383485658e-07,0.9999992790214615
C01341,0.9996874152008277,0.000312584799172234
C01342,0.9988402423024231,0.0011597576975770707
C01343,0.9999733513235488,2.664867645125784e-05
C01344,0.44260804395296954,0.5573919560470304
C01345,0.02661343822642859,0.9733865617735712
C01346,6.4455011420838865e-31,1.0
C01347,3.592898879918568e-08,0.9999999640710113
C01348,8.269314024951168e-27,1.0
C01349,5.881923288887396e-33,1.0
C01351,0.8456851000808973,0.15431489991910283
C01352,1.3401943322568272e-13,0.9999999999998659
C01353,0.026283889849646747,0.9737161101503532
C01354,0.9991812886781996,0.0008187113218004229
C01355,1.2238520265299432e-11,0.9999999999877616
C01356,0.18088130756575385,0.819118692434246
C01357,0.22658668337142135,0.7734133166285784
C01358,0.33816811958843945,0.6618318804115605
C01359,7.105700859294692e-31,1.0
C01360,0.9689692057800423,0.031030794219957684
C01361,5.879357829983851e-35,1.0
C01362,0.9757419451613787,0.024258054838621524
C01363,5.38188123543838e-07,0.9999994618118766
C01364,0.9578435461639304,0.04215645383606965
C01365,0.06065627955221291,0.939343720447787
C01366,1.3835293954905156e-39,1.0
C01367,6.160744941073399e-35,1.0
C01368,7.506555262297845e-58,1.0
C01369,1.4650255676708865e-37,1.0
C01370,5.792493219079366e-40,1.0
C01371,0.9996855622172091,0.00031443778279090944
C01372,5.137471914674829e-24,1.0
C01373,0.999957570446396,4.242955360403747e-05
C01374,0.9993017758405225,0.0006982241594775355
C01375,5.722506755717086e-24,1.0
C01376,0.9666868967028185,0.033313103297181276
C01377,0.9998169242431819,0.00018307575681834713
C01378,0.9500221615323433,0.04997783846765671
C01379,6.57094246415098e-10,0.9999999993429061
C01380,0.9815112548376327,0.018488745162367058
C01381,6.6626310164160704e-06,0.9999933373689837
C01382,0.9994968354677839,0.0005031645322160491
C01383,0.9999993697114117,6.302885885271044e-07
C01384,0.9999578273499895,4.217265001055507e-05
C01385,4.2945723300684494e-45,1.0
C01386,0.0011904080052519343,0.9988095919947483
C01387,4.664308412720394e-24,1.0
C01388,0.9999473970007992,5.2602999200892574e-05
C01389,1.3033634708507685e-10,0.9999999998696638
C01390,0.9991428056812579,0.0008571943187421211
C01391,0.9992253040531881,0.0007746959468121344
C01392,2.5236283525188447e-45,1.0
C01393,9.776888104186086e-64,1.0
C01394,0.9997510367988811,0.00024896320111880005
C01395,2.9152897871299006e-05,0.9999708471021288
C01396,0.9974679157370872,0.002532084262912841
C01397,0.9910932886186303,0.008906711381369592
C01398,0.7617698576841393,0.23823014231586062
C01399,4.952490325915326e-13,0.9999999999995048
C01400,0.9907197001160383,0.009280299883961713
C01401,7.289428707652072e-20,1.0
C01402,0.9998809286320888,0.00011907136791126862
C01403,2.2176801215252073e-11,0.9999999999778231
C01404,4.2706185108122634e-45,1.0
C01405,2.8797762296200947e-13,0.9999999999997122
C01406,0.9999755635882831,2.4436411716685594e-05
C01407,5.345015087177985e-44,1.0
C01408,0.9999762646844258,2.3735315574169026e-05
C01409,0.9370359706637718,0.06296402933622813
C01410,0.9999978880685528,2.1119314470717897e-06
C01411,0.9999454087813519,5.459121864790546e-05
C01412,0.998975924746478,0.0010240752535219883
C01413,0.12968374910832128,0.8703162508916785
C01414,0.1304112604421019,0.8695887395578978
C01415,0.9989308879083296,0.001069112091670365
C01416,0.6897954320368649,0.3102045679631356
C01417,0.9394386624165303,0.06056133758346978
C01418,0.9999999072326692,9.276733102675795e-08
C01419,0.9987488418302691,0.0012511581697308475
C01420,0.9989954027794298,0.0010045972205701896
C01421,0.024788265765951643,0.9752117342340486
C01422,0.04717696764419629,0.9528230323558036
C01423,0.01113678966991977,0.9888632103300805
C01424,1.893455454297853e-39,1.0
C01425,3.5336799333148575e-14,0.9999999999999645
C01426,1.6960366648414952e-06,0.9999983039633354
C01427,1.4571469011288248e-49,1.0
C01428,0.9999846615131515,1.5338486848504037e-05
C01429,0.057699672968979814,0.9423003270310204
C01430,0.9999552473530462,4.4752646953797284e-05
C01431,0.9446224997510182,0.05537750024898192
C01432,2.2350850033195303e-11,0.9999999999776492
C01433,0.027304015356630174,0.97269598464337
C01434,3.818330274676147e-34,1.0
C01435,0.9996931614166867,0.00030683858331321677
C01436,7.369760234088131e-26,1.0
C01437,0.805920230718958,0.19407976928104204
C01438,0.9989301481522971,0.0010698518477029126
C01439,0.9998534083339825,0.00014659166601751236
C01440,4.453515542016777e-31,1.0
C01441,3.316167208355452e-18,1.0
C01442,1.9978380556846246e-07,0.9999998002161945
C01443,1.3990018310921027e-14,0.999999999999986
C01444,8.525409221472129e-15,0.9999999999999911
C01445,0.0014808007322155436,0.9985191992677842
C01446,0.9984851721706156,0.0015148278293844544
C01447,0.32882608537867025,0.6711739146213299
C01448,0.023081096922820326,0.9769189030771799
C01449,2.4230855054622696e-27,1.0
C01450,0.9982929382088707,0.0017070617911292458
C01451,0.6238902666202865,0.3761097333797134
C01452,0.9999563413538123,4.365864618775675e-05
C01453,0.5835818529584725,0.41641814704152763
C01454,4.0598976008068395e-09,0.9999999959401027
C01455,1.8004156878271425e-07,0.999999819958431
C01456,1.5442593932100854e-30,1.0
C01457,0.9985821260475898,0.001417873952410195
C01458,0.9999953421564616,4.657843538326406e-06
C01459,2.519378187613074e-51,1.0
C01460,0.9994672497267055,0.0005327502732945633
C01461,0.8918457884480626,0.10815421155193737
C01462,3.779517819234483e-42,1.0
C01463,4.763650071589638e-06,0.9999952363499285
C01464,0.9997179972111834,0.000282002788816624
C01465,0.997560324958148,0.0024396750418520462
C01466,0.5907998125307358,0.409200187469264
C01467,3.0435940393883124e-45,1.0
C01468,0.4008945668130843,0.5991054331869156
C01469,5.575396906082177e-37,1.0
C01470,0.9984412606409785,0.001558739359021507
C01471,2.1880781857859136e-23,1.0
C01472,1.0507174735823878e-39,1.0
C01473,0.999959364298265,4.063570173489462e-05
C01474,0.021096051193916977,0.9789039488060832
C01475,0.4964996479885568,0.5035003520114434
C01476,0.6506810253724966,0.34931897462750344
C01477,0.996523821340023,0.0034761786599769528
C01478,0.9986462551884767,0.00135374481152326
C01479,0.051566401182253044,0.9484335988177472
C01480,1.6091663046918144e-51,1.0
C01481,1.667718798222679e-14,0.9999999999999833
C01482,0.4134671335213076,0.5865328664786928
C01483,0.8491029932801635,0.15089700671983666
C01484,0.9999537353922562,4.626460774391805e-05
C01485,0.0005091522187890504,0.9994908477812111
C01486,0.9999889521680317,1.1047831968162602e-05
C01487,0.993888350439937,0.006111649560063007
C01488,0.620901079329599,0.3790989206704008
C01489,0.9990483827766428,0.0009516172233572604
C01490,0.9625391763893582,0.03746082361064187
C01491,0.9991679794626978,0.0008320205373022124
C01492,0.028506070153007015,0.9714939298469928
C01493,0.9990558858423435,0.0009441141576564126
C01494,0.020626098875707308,0.9793739011242928
C01495,0.6352931088528136,0.36470689114718646
C01496,0.9999530227878299,4.697721217009836e-05
C01497,0.9679829036857621,0.03201709631423778
C01498,4.570800435733048e-31,1.0
C01499,0.9999654588785208,3.4541121479034446e-05
C01500,0.9999847943002437,1.5205699756177278e-05
C01501,0.9999699865073982,3.0013492601836114e-05
C01502,4.533648438871614e-31,1.0
C01503,5.613906505183156e-31,1.0
C01504,0.9973584053507236,0.00264159464927627
C01505,0.00864486051351956,0.9913551394864805
C01506,0.8681795215744472,0.13182047842555256
C01507,0.3639675900020382,0.6360324099979617
C01508,3.787470823712439e-49,1.0
C01509,0.9995779652736735,0.00042203472632649516
C01510,1.4121827359024121e-09,0.9999999985878176
C01511,1.0243328136220744e-25,1.0
C01512,0.7234655408227154,0.27653445917728464
C01513,0.9986994684154402,0.0013005315845597653
C01514,0.9999987475271693,1.2524728305536853e-06
C01515,6.937846287733699e-50,1.0
C01516,4.326821809226644e-45,1.0
C01517,0.9999055239399897,9.447606001035307e-05
C01518,7.631325075269151e-58,1.0
C01519,6.503518057469643e-45,1.0
C01520,2.0113612719460252e-39,1.0
C01521,0.8355752717262451,0.1644247282737549
C01522,0.9999960792901442,3.920709855675328e-06
C01523,0.9999447617146924,5.523828530766984e-05
C01524,0.998489493029191,0.0015105069708090384
C01525,4.232908495245145e-50,1.0
C01526,1.0880753780135852e-06,0.9999989119246222
C01527,0.99995488880062,4.511119937990252e-05
C01528,2.543596187763878e-66,1.0
C01529,1.101389110041949e-05,0.9999889861088996
C01530,1.9283788021263902e-21,1.0
C01531,3.932730999444729e-35,1.0
C01532,0.9997420149811685,0.00025798501883141306
C01533,0.9990471409990331,0.0009528590009669959
C01534,0.0006173482043001878,0.9993826517956997
C01535,0.9983149852880512,0.001685014711948867
C01536,0.9999639576005899,3.6042399410075466e-05
C01537,0.9999756479545312,2.4352045468808663e-05
C01538,0.9997469581375135,0.00025304186248650704
C01539,0.637762812429254,0.3622371875707457
C01540,0.998607761671582,0.0013922383284178646
C01541,6.010152564105846e-35,1.0
C01542,3.452050466361622e-12,0.9999999999965481
C01543,2.902592917509233e-16,0.9999999999999998
C01544,0.8887517214447049,0.11124827855529519
C01545,5.560298690336015e-12,0.99999999999444
C01546,1.3892498584471419e-57,1.0
C01547,0.9371531451976235,0.0628468548023767
C01548,2.4587935903452653e-26,1.0
C01549,6.531340392790176e-31,1.0
C01550,2.3959570468854047e-07,0.9999997604042953
C01551,0.37445967508054123,0.6255403249194587
C01552,1.8666650407185727e-27,1.0
C01553,2.023679455897805e-22,1.0
C01554,2.711495591751293e-18,1.0
C01555,0.9999628494468487,3.7150553151368373e-05
C01556,0.9987440181492127,0.0012559818507872837
C01557,0.47416813836142974,0.5258318616385699
C01558,0.3227499302355368,0.6772500697644632
C01559,0.9949578263668547,0.005042173633145369
C01560,0.9999647022795395,3.529772046068023e-05
C01562,0.9504686699734558,0.04953133002654418
C01563,0.999968899620698,3.110037930207697e-05
C01564,0.9999729268131197,2.707318688017906e-05
C01565,0.9998983673288705,0.00010163267112955027
C01566,1.913557436850656e-30,1.0
C01567,7.866247419432839e-05,0.9999213375258057
C01568,0.9986655797248032,0.0013344202751967317
C01569,0.7734336791195718,0.22656632088042827
C01570,3.116173698599937e-24,1.0
C01571,0.9978598051043194,0.002140194895680621
C01572,0.20414291203230017,0.7958570879676997
C01573,0.692529106024918,0.3074708939750819
C01574,3.1673054729438293e-05,0.9999683269452705
C01575,0.7534116196436005,0.24658838035639946
C01576,0.9994838626405842,0.0005161373594156643
C01577,0.9999999713532497,2.8646750351417977e-08
C01578,0.9999781795752645,2.182042473539234e-05
C01579,0.9999793874001708,2.061259982913907e-05
C01580,0.9979659089157371,0.0020340910842629174
C01581,5.10117258715852e-12,0.9999999999948987
C01582,0.00285670880570634,0.9971432911942936
C01583,6.97203843833661e-11,0.9999999999302798
C01584,0.9999971683086071,2.831691392933896e-06
C01585,0.9999435326235525,5.6467376447572394e-05
C01586,4.172396819227858e-51,1.0
C01587,0.9999444218482503,5.557815174967837e-05
C01588,6.558974099695791e-22,1.0
C01589,0.6925953142959612,0.30740468570403845
C01590,1.3946548148834476e-33,1.0
C01591,1.9053541954747595e-30,1.0
C01592,0.9236942073118628,0.07630579268813731
C01593,2.5942531984531616e-66,1.0
C01594,0.9989954806434928,0.0010045193565072176
C01595,0.9273578229283954,0.07264217707160453
C01596,1.3024520754812248e-12,0.9999999999986975
C01597,3.2245085684403665e-45,1.0
C01598,0.9993672484294613,0.0006327515705386668
C01599,1.7006180125762633e-05,0.9999829938198743
C01600,0.9983536913604051,0.0016463086395948926
C01601,4.827217928538692e-05,0.9999517278207146
C01602,0.9115260823789808,0.08847391762101921
C01603,0.9999713900439351,2.8609956064963095e-05
C01604,3.8157759593503494e-43,1.0
C01605,1.0056138041854196e-30,1.0
C01606,0.9712119848571044,0.028788015142895754
C01607,3.7096034936452396e-45,1.0
C01608,4.28372901350971e-30,1.0
C01609,0.999785268549553,0.00021473145044702626
C01610,5.576250585528993e-31,1.0
C01611,0.9990781981229312,0.0009218018770688634
C01612,0.9997799603088235,0.00022003969117653026
C01613,3.206647155531993e-51,1.0
C01614,0.9999484617085401,5.1538291460002157e-05
C01615,3.3043822238968947e-07,0.9999996695617777
C01616,4.063541343415591e-45,1.0
C01617,0.9512937681627932,0.048706231837206786
C01618,0.9846048866828934,0.015395113317106631
C01619,1.578097924407764e-57,1.0
C01620,4.605036755026026e-45,1.0
C01621,0.4010072394054912,0.5989927605945087
C01622,0.6756881141241561,0.3243118858758439
C01623,0.9753405156709277,0.02465948432907243
C01624,2.7399264390960716e-44,1.0
C01625,0.999990411976749,9.588023251011922e-06
C01626,9.995027089959423e-14,0.9999999999999001
C01627,0.0004433300508367349,0.9995566699491631
C01628,7.950833606149697e-12,0.999999999992049
C01629,2.1996409819154995e-28,1.0
C01630,0.016129946830426505,0.9838700531695737
C01631,0.9999863109591584,1.368904084161567e-05
C01632,0.8708743092133733,0.12912569078662653
C01633,8.06668696282733e-06,0.9999919333130373
C01634,0.9956379097085755,0.004362090291424489
C01635,1.5603403300344616e-17,1.0
C01636,4.2206964349775504e-07,0.9999995779303565
C01637,0.9987235448443204,0.0012764551556797307
C01638,0.8120245464275246,0.18797545357247517
C01639,0.02016551633121774,0.9798344836687822
C01640,0.9998311528574602,0.00016884714253990175
C01641,9.717350109047543e-67,1.0
C01642,0.9189040914326263,0.08109590856737384
C01643,6.438271124420571e-13,0.999999999999357
C01644,4.5500635965942425e-09,0.9999999954499366
C01645,0.354083530691477,0.6459164693085231
C01646,1.0535242263843253e-39,1.0
C01647,0.9967170808187673,0.003282919181232647
C01648,0.9999718219649225,2.8178035077513794e-05
C01649,0.9997609703621636,0.000239029637836323
C01650,1.4363996950123934e-22,1.0
C01651,1.9430782643986375e-58,1.0
C01652,4.815299757269396e-66,1.0
C01653,4.144637753609944e-14,0.9999999999999585
C01654,0.9999552949276684,4.470507233156556e-05
C01655,3.0702212492038266e-35,1.0
C01656,3.434867608715737e-11,0.9999999999656515
C01657,0.9999978599218668,2.1400781329361056e-06
C01658,6.502405877541695e-76,1.0
C01659,6.424112568249966e-22,1.0
C01660,1.5894683881221194e-12,0.9999999999984106
C01661,0.5886239905499671,0.4113760094500334
C01662,0.9999633124667603,3.668753323966854e-05
C01663,2.400592698385186e-31,1.0
C01664,0.9999892812877615,1.0718712238415257e-05
C01665,0.9981211279099397,0.0018788720900602886
C01666,0.9997672536401296,0.0002327463598704146
C01667,2.0529245393979452e-16,1.0
C01668,3.2412783086341666e-35,1.0
C01669,0.9993641164324644,0.0006358835675356527
C01670,1.5577500502749196e-39,1.0
C01671,0.9990827907973823,0.000917209202617745
C01672,0.9998162726634053,0.00018372733659463328
C01673,2.7541109769728492e-08,0.9999999724588905
C01674,0.9999515071110683,4.849288893166496e-05
C01675,0.9999762500722982,2.3749927701787442e-05
C01676,0.3669993168963637,0.633000683103636
C01677,0.8634134349384329,0.13658656506156724
C01678,0.998098160656157,0.0019018393438430272
C01679,0.028141894337059284,0.9718581056629406
C01680,0.209819638445336,0.7901803615546641
C01681,0.9820472511457587,0.017952748854241314
C01682,0.9903113079311975,0.009688692068802488
C01683,0.0025395469761174583,0.9974604530238828
C01684,4.285690174561592e-31,1.0
C01685,4.522079855057247e-30,1.0
C01686,0.999894059081464,0.00010594091853610078
C01687,0.9999548411175347,4.515888246524444e-05
C01688,0.024650855190325855,0.9753491448096744
C01689,7.581026367486992e-40,1.0
C01690,0.9886204168152749,0.011379583184725137
C01691,0.9981383039702688,0.0018616960297312556
C01692,2.7021674699983878e-45,1.0
C01693,0.9010914668796947,0.09890853312030548
C01694,0.8255764817299021,0.17442351827009775
C01695,9.404199054382054e-05,0.9999059580094558
C01696,4.8724922869177286e-18,1.0
C01697,0.999943480329085,5.65196709148785e-05
C01698,0.9999835916713231,1.640832867684742e-05
C01699,0.13405261388165873,0.8659473861183412
C01700,0.9986386865867294,0.0013613134132706437
C01701,0.8236369191166965,0.17636308088330332
C01702,3.0546747502462696e-45,1.0
C01703,0.9035738653703451,0.09642613462965496
C01704,0.9977943254198224,0.0022056745801776684
C01705,0.9994097835491943,0.0005902164508056405
C01706,7.392575365120821e-17,1.0
C01707,7.542901677754224e-16,0.9999999999999991
C01708,0.968113600689779,0.031886399310221004
C01709,4.438849032701813e-75,1.0
C01710,0.9559072481351408,0.044092751864859156
C01711,3.133913080551746e-51,1.0
C01712,0.9993355933958368,0.0006644066041633172
C01713,0.9999608113345894,3.9188665410659026e-05
C01714,8.818500818741333e-40,1.0
C01715,0.9997921809750793,0.00020781902492073665
C01716,1.533521434223068e-08,0.9999999846647857
C01717,0.004713383057634844,0.9952866169423653
C01718,0.9999833722520342,1.662774796565781e-05
C01719,0.9988132460216786,0.0011867539783212383
C01720,2.026976020550635e-27,1.0
C01721,2.719905267696873e-29,1.0
C01722,0.29879605233989015,0.7012039476601098
C01723,0.03483018550871797,0.9651698144912821
C01724,0.9976090450267107,0.0023909549732892897
C01725,2.4479836614103856e-27,1.0
C01726,1.0036356448735145e-38,1.0
C01727,0.999975069908001,2.493009199899575e-05
C01728,1.9654648057561024e-58,1.0
C01729,2.6899230644031866e-25,1.0
C01730,0.9994995190023981,0.0005004809976019642
C01731,6.902904052189493e-15,0.9999999999999931
C01732,0.9635468660878186,0.036453133912181454
C01733,6.949797252574499e-26,1.0
C01734,0.9999664268164088,3.357318359121869e-05
C01735,0.999827908162752,0.00017209183724795267
C01736,0.9898362027957932,0.010163797204206716
C01737,9.965927253386815e-31,1.0
C01738,0.03475118816690099,0.965248811833099
C01739,0.9997950950862038,0.00020490491379623202
C01740,0.0002870208650121097,0.9997129791349879
C01741,2.2703888337765738e-09,0.9999999977296108
C01742,7.418356199523165e-45,1.0
C01743,0.9999858467930433,1.4153206956762313e-05
C01744,0.9095663403067781,0.09043365969322173
C01745,0.9184168401775489,0.08158315982245105
C01746,0.9983407144195146,0.001659285580485412
C01747,0.9993276859163065,0.0006723140836935133
C01748,0.011091738182609176,0.9889082618173908
C01749,0.00445001753643969,0.9955499824635605
C01750,0.9983361921844125,0.0016638078155873255
C01751,1.138053192689083e-30,1.0
C01752,0.9944537264767812,0.005546273523218696
C01753,0.999996269757921,3.7302420789996325e-06
C01754,4.564811287370106e-30,1.0
C01755,0.926619947438721,0.07338005256127918
C01756,1.283221844990919e-66,1.0
C01757,0.9981994660257922,0.0018005339742077563
C01758,0.9995857433641385,0.00041425663586148776
C01759,0.9999653769485177,3.4623051482244104e-05
C01760,5.483758390752055e-35,1.0
C01761,6.720379731382597e-10,0.999999999327962
C01762,2.0650034446700583e-51,1.0
C01763,1.0971065046232699e-07,0.9999998902893494
C01764,3.45573154380087e-38,1.0
C01765,3.702620552178406e-45,1.0
C01766,0.9999490605490753,5.0939450924654564e-05
C01767,0.8010368880255149,0.19896311197448502
C01768,2.1176199394315096e-75,1.0
C01769,0.9999803742575207,1.9625742479156254e-05
C01770,0.9999999679143793,3.20856209027144e-08
C01771,0.1788929170186386,0.8211070829813613
C01772,0.09898677561006954,0.9010132243899305
C01773,0.9999994005416843,5.994583156169984e-07
C01774,0.3678868248749905,0.6321131751250095
C01775,0.7226944806561802,0.27730551934382014
C01776,0.9999719097203135,2.809027968668101e-05
C01777,0.9383672814437614,0.06163271855623826
C01778,0.0006747979196002479,0.9993252020803998
C01779,0.9952680231189241,0.004731976881075903
C01780,4.1218940399951036e-45,1.0
C01781,0.9983762058994181,0.001623794100582026
C01782,0.6041759536002455,0.39582404639975405
C01783,4.2665401207484956e-43,1.0
C01784,9.887925841661371e-11,0.9999999999011209
C01785,0.9988815887402231,0.0011184112597768265
C01786,5.8536178623852504e-40,1.0
C01787,0.9970850745397993,0.002914925460200756
C01788,0.9999654963134339,3.4503686566118605e-05
C01789,1.998517689570512e-39,1.0
C01790,0.9969942957973916,0.0030057042026084583
C01791,0.02317538829259084,0.9768246117074092
C01792,4.349235530850193e-45,1.0
C01793,0.9999458562602657,5.414373973429486e-05
C01794,0.9998305198910419,0.00016948010895808787
C01795,2.631167473769575e-23,1.0
C01796,0.9997493146736367,0.0002506853263633989
C01797,0.6538045042764749,0.3461954957235253
C01798,0.997878945531035,0.0021210544689653174
C01799,0.9976900476686901,0.0023099523313099436
C01800,0.39470699400636,0.6052930059936398
C01801,0.9986176648394733,0.0013823351605266473
C01802,0.004131657224590182,0.9958683427754098
C01803,0.9978465840116976,0.002153415988302486
C01804,0.4445454534854306,0.5554545465145694
C01805,0.9612686701489563,0.03873132985104361
C01806,9.516744996626251e-31,1.0
C01807,0.027224769102367933,0.9727752308976322
C01808,1.6620580969183786e-39,1.0
C01809,1.0670894525327875e-50,1.0
C01810,0.6601405121430699,0.33985948785693004
C01811,0.7729689863233827,0.22703101367661743
C01812,0.9990963733316056,0.0009036266683944042
C01813,5.140334230228306e-35,1.0
C01814,0.9995485057284156,0.0004514942715843924
C01815,0.914714700548052,0.085285299451948
C01816,0.9999902890721979,9.710927802158549e-06
C01817,0.9999896799882723,1.032001172783957e-05
C01818,0.9997549865464235,0.0002450134535765595
C01819,0.9997214696114471,0.0002785303885530417
C01820,0.9997041656483838,0.0002958343516162553
C01821,0.7618490635111501,0.23815093648884994
C01822,0.9996085953794329,0.0003914046205670328
C01823,0.9999973391212492,2.66087875067918e-06
C01824,0.9999639253000087,3.6074699991383766e-05
C01825,8.847473613206139e-11,0.9999999999115254
C01826,0.9004210404292579,0.099578959570742
C01827,0.9986919010170766,0.0013080989829233568
C01828,0.9999906706514604,9.329348539469294e-06
C01829,0.9998317902348548,0.00016820976514533208
C01830,0.9987298766250124,0.0012701233749875473
C01831,0.9999341498202607,6.58501797392624e-05
C01832,0.9988035620543111,0.0011964379456889064
C01833,2.1951977030114813e-08,0.9999999780480229
C01834,5.3342095018468756e-45,1.0
C01835,1.0009829824752945e-39,1.0
C01836,7.729098178380812e-29,1.0
C01837,3.094110666390937e-08,0.9999999690588932
C01838,0.9985198371602525,0.001480162839747495
C01839,0.9998329488180964,0.00016705118190361254
C01840,2.5018889623501792e-45,1.0
C01841,0.999699694517091,0.0003003054829089773
C01842,0.544235692439387,0.4557643075606132
C01843,0.9577832014850535,0.04221679851494654
C01844,1.7077742562620584e-20,1.0
C01845,0.9982107123650774,0.0017892876349225957
C01846,1.317465897622798e-31,1.0
C01847,0.44806637689490536,0.5519336231050945
C01848,1.4797599213750704e-58,1.0
C01849,0.9981202986151666,0.0018797013848334235
C01850,1.181934609277655e-39,1.0
C01851,0.9998287583654714,0.00017124163452862838
C01852,0.9989937434265682,0.0010062565734318101
C01853,0.9999585533467859,4.144665321411754e-05
C01854,0.2105325743832912,0.7894674256167091
C01855,0.9999926583497976,7.341650202452804e-06
C01856,1.7976965579311414e-57,1.0
C01857,7.225679238607242e-40,1.0
C01858,5.408741847870251e-31,1.0
C01859,2.6003060581616825e-58,1.0
C01860,0.9973500560374207,0.0026499439625794307
C01861,0.9990003629936539,0.0009996370063460529
C01862,0.9999478152369925,5.2184763007509876e-05
C01863,0.9994775685157115,0.0005224314842885447
C01864,0.9999512459724421,4.8754027557714826e-05
C01865,0.9999769651591839,2.303484081613713e-05
C01866,0.9984044308920694,0.0015955691079306365
C01867,6.741953884547072e-38,1.0
C01868,0.14103550425095288,0.8589644957490471
C01869,0.9940991755476135,0.00590082445238656
C01870,5.35588500348553e-31,1.0
C01871,0.9991372298288914,0.0008627701711086337
C01872,0.9993840851685227,0.0006159148314771138
C01873,0.9999533603258669,4.663967413311254e-05
C01874,0.9949943548277977,0.005005645172202331
C01875,0.9999711610523407,2.883894765920828e-05
C01876,3.9894505708930886e-23,1.0
C01877,0.9767748530457763,0.02322514695422354
C01878,0.7611701563484787,0.2388298436515212
C01879,0.9470585946174866,0.05294140538251338
C01880,0.9783933045756534,0.02160669542434665
C01881,0.7968249849810516,0.20317501501894836
C01882,2.5022043206725124e-45,1.0
C01883,0.9999675764147365,3.2423585263516725e-05
C01884,5.445249171493574e-14,0.9999999999999456
C01885,2.2959284951497023e-12,0.9999999999977041
C01886,5.7894312709084564e-05,0.9999421056872909
C01887,4.690290566953241e-05,0.9999530970943304
C01888,0.9989447292469311,0.0010552707530687825
C01889,0.8539975845982699,0.1460024154017301
C01890,5.73312419969829e-66,1.0
C01891,0.9995671713116726,0.0004328286883273445
C01893,5.222046437442086e-34,1.0
C01894,7.141266967917607e-10,0.9999999992858735
C01895,3.345327588257116e-08,0.999999966546724
C01896,0.9991288577802658,0.0008711422197341824
C01897,3.164040642690395e-10,0.9999999996835958
C01898,1.6848939383219677e-51,1.0
C01899,4.814081553099441e-11,0.9999999999518594
C01900,0.9981306566556577,0.0018693433443423464
C01901,0.8485983699640397,0.1514016300359601
C01902,0.9999722689654501,2.773103454985718e-05
C01903,3.1780673211155866e-14,0.999999999999968
C01904,0.9756849538651291,0.02431504613487086
C01905,0.9999929144658687,7.085534131339587e-06
C01906,0.9989696000464005,0.001030399953599611
C01907,3.343689305229572e-30,1.0
C01908,0.9991717600527782,0.0008282399472218282
C01909,0.9999752007836872,2.479921631292261e-05
C01910,9.532703253010197e-44,1.0
C01911,1.218330385298534e-18,1.0
C01912,0.8741800751936304,0.1258199248063695
C01913,0.9979029375913058,0.0020970624086942436
C01914,1.9324762327972003e-27,1.0
C01915,2.178708122940048e-26,1.0
C01916,0.10798991332297576,0.8920100866770241
C01917,0.9980636400124631,0.001936359987537
C01918,0.03134557783408813,0.9686544221659119
C01919,0.9999748463110838,2.5153688916235658e-05
C01920,0.9987502757835548,0.0012497242164450954
C01921,3.1867642927341405e-35,1.0
C01922,0.9997164695584738,0.0002835304415262917
C01923,9.243774573332074e-45,1.0
C01924,3.2812633328137453e-21,1.0
C01925,4.614316452698618e-08,0.9999999538568354
C01926,8.223469489141007e-13,0.9999999999991775
C01927,0.3521105931794167,0.6478894068205833
C01928,1.548695946287262e-24,1.0
C01929,0.8931211398867509,0.10687886011324911
C01930,0.999983827938276,1.6172061723914737e-05
C01931,0.9288176974488634,0.07118230255113639
C01932,0.999890843434907,0.00010915656509332513
C01933,0.9999953128241804,4.687175819644109e-06
C01934,0.9991072934263818,0.0008927065736181988
C01935,2.959458273326021e-08,0.9999999704054177
C01936,0.9774627449775916,0.02253725502240844
C01937,0.9999072867158459,9.271328415410471e-05
C01938,2.0127454380508216e-19,1.0
C01939,1.3308688149768343e-33,1.0
C01940,2.882237506513598e-50,1.0
C01941,0.17528763952542137,0.8247123604745786
C01942,4.362926605709943e-30,1.0
C01943,6.6765547364835875e-40,1.0
C01944,0.9982386854743552,0.0017613145256448204
C01945,0.9998609985060406,0.00013900149395935625
C01946,3.8896462871190645e-36,1.0
C01947,0.9997198760514511,0.00028012394854891174
C01948,1.932021064307363e-30,1.0
C01949,0.9998344600807548,0.00016553991924522223
C01950,0.9999909397817333,9.060218266888824e-06
C01951,0.00017165688700123135,0.9998283431129991
C01952,0.9999770454106778,2.2954589322199985e-05
C01953,0.9999840697232313,1.593027676857804e-05
C01954,0.9988486529532109,0.0011513470467891464
C01955,0.9993765423626528,0.0006234576373471851
C01956,0.98978007914361,0.010219920856390062
C01957,0.0689232743544896,0.9310767256455104
C01958,0.9999724438541004,2.7556145899513813e-05
C01959,0.9858416215481364,0.01415837845186365
C01960,0.9916856295968546,0.008314370403145374
C01961,3.844146955402551e-13,0.9999999999996156
C01962,0.90293577231547,0.0970642276845299
C01963,2.935119676898883e-51,1.0
C01964,0.9995449834241056,0.0004550165758946122
C01965,2.0631794408164162e-41,1.0
C01966,5.295639154169097e-05,0.9999470436084579
C01967,0.9993765435745358,0.0006234564254641751
C01968,0.1637784002831865,0.8362215997168138
C01969,0.3827695264588742,0.6172304735411256
C01970,4.728399768150858e-07,0.9999995271600229
C01971,0.9999921023092037,7.897690796283609e-06
C01972,0.9526844670355148,0.047315532964485194
C01973,0.006575345114187157,0.9934246548858124
C01974,5.4335516824557096e-09,0.9999999945664482
C01975,1.2146452422501974e-34,1.0
C01976,0.7051144376738588,0.29488556232614144
C01977,0.999980025872872,1.9974127127971655e-05
C01978,0.9999716491403279,2.835085967215371e-05
C01979,5.068249669584249e-05,0.9999493175033042
C01980,0.999810559727622,0.00018944027237798725
C01981,6.03362530111629e-14,0.9999999999999396
C01982,0.9999629252040063,3.707479599362893e-05
C01983,2.0025905868810533e-66,1.0
C01984,0.07561201309240793,0.9243879869075918
C01985,0.9999888662176958,1.1133782304060885e-05
C01986,2.733671364780469e-23,1.0
C01987,0.9937055934150251,0.006294406584974836
C01988,0.9999554348507359,4.4565149264057424e-05
C01989,3.6252654704919066e-12,0.9999999999963749
C01990,1.9910568737703434e-08,0.9999999800894315
C01991,0.1581794555803888,0.8418205444196112
C01992,5.343666195366245e-50,1.0
C01993,3.713521403380956e-16,0.9999999999999996
C01994,0.07928956628567635,0.9207104337143236
C01995,0.9999839405401175,1.6059459882594916e-05
C01996,4.765710523566208e-30,1.0
C01997,1.139457380955476e-12,0.9999999999988605
C01998,0.9989888945096069,0.0010111054903930723
C01999,0.9990241077447581,0.0009758922552419142
